team,game_id,down,distance,field_zone,hash,offensive_personnel,offensive_formation_id,defensive_personnel_id,front_id,box_count,coverage_id,blitzers,movement_type,sample_size,frequency,success_rate_allowed,epa_allowed,notes
Rhinos,rhinos_synth_001,3,very_long,open_field,left,10,gun_1rb_2x2_spread_no_te,dime_326,even_4,5,cover4_quarters,0,none,1,1.0,0.45,-0.04,conservative_coverage
Rhinos,rhinos_synth_002,3,very_long,open_field,middle,10,gun_1rb_3x1_spread_no_te,dime_326,odd_mint,5,cover4_poach_trips,1,sim_pressure,1,1.0,0.44,-0.05,checkdown_allowed
Rhinos,rhinos_synth_003,3,very_long,open_field,right,10,gun_1rb_3x1_spread_y_middle,dime_326,even_4,5,cover2_trap_field,0,sim_pressure,1,1.0,0.49,0.01,trap_alert
Rhinos,rhinos_synth_004,3,very_long,open_field,left,10,gun_1rb_2x2_spread_no_te,dime_326,odd_mint,5,cover7_box_2x2,0,none,1,1.0,0.50,0.01,conservative_coverage
Rhinos,rhinos_synth_005,3,very_long,open_field,middle,10,gun_1rb_3x1_spread_no_te,dime_326,even_4,5,cover4_quarters,0,none,1,1.0,0.45,0.01,checkdown_allowed
Rhinos,rhinos_synth_006,3,very_long,open_field,right,10,gun_1rb_3x1_spread_y_middle,dime_326,odd_mint,5,cover4_poach_trips,0,sim_pressure,1,1.0,0.44,-0.07,shot_allowed
Rhinos,rhinos_synth_007,3,very_long,open_field,left,10,gun_1rb_2x2_spread_no_te,dime_326,even_4,5,cover2_trap_field,1,sim_pressure,1,1.0,0.48,-0.00,trap_alert
Rhinos,rhinos_synth_008,3,very_long,open_field,middle,10,gun_1rb_3x1_spread_no_te,dime_326,odd_mint,5,cover7_stubbie_trips,0,none,1,1.0,0.49,-0.02,conservative_coverage
Rhinos,rhinos_synth_009,3,very_long,open_field,right,10,gun_1rb_3x1_spread_y_middle,dime_326,even_4,5,cover4_quarters,0,none,1,1.0,0.45,-0.00,checkdown_allowed
Rhinos,rhinos_synth_010,3,very_long,open_field,left,10,gun_1rb_2x2_spread_no_te,dime_326,odd_mint,5,cover4_poach_trips,0,sim_pressure,1,1.0,0.44,-0.00,checkdown_allowed
Rhinos,rhinos_synth_011,3,very_long,open_field,middle,10,gun_1rb_3x1_spread_no_te,dime_326,even_4,5,cover2_trap_field,0,sim_pressure,1,1.0,0.49,-0.02,trap_alert
Rhinos,rhinos_synth_012,3,very_long,open_field,right,10,gun_1rb_3x1_spread_y_middle,dime_326,odd_mint,5,cover7_stubbie_trips,0,none,1,1.0,0.49,-0.03,conservative_coverage
Rhinos,rhinos_synth_013,3,very_long,open_field,left,11,gun_1rb_2x2_spread_te_off,dime_326,even_4,5,cover4_quarters,0,none,1,1.0,0.45,-0.04,conservative_coverage
Rhinos,rhinos_synth_014,3,very_long,open_field,middle,11,gun_1rb_2x2_spread_te_on,dime_326,odd_mint,5,cover4_poach_trips,0,sim_pressure,1,1.0,0.44,-0.05,checkdown_allowed
Rhinos,rhinos_synth_015,3,very_long,open_field,right,11,gun_1rb_3x1_spread_te_off,dime_326,even_4,5,cover2_trap_field,0,sim_pressure,1,1.0,0.49,0.01,trap_alert
Rhinos,rhinos_synth_016,3,very_long,open_field,left,11,gun_1rb_3x1_spread_te_on,dime_326,odd_mint,5,cover7_stubbie_trips,0,none,1,1.0,0.49,-0.00,conservative_coverage
Rhinos,rhinos_synth_017,3,very_long,open_field,middle,11,gun_1rb_3x1_bunch_te_on,dime_326,even_4,5,cover4_quarters,0,none,1,1.0,0.45,0.01,checkdown_allowed
Rhinos,rhinos_synth_018,3,very_long,open_field,right,11,gun_1rb_2x2_spread_te_off,dime_326,odd_mint,5,cover4_poach_trips,0,sim_pressure,1,1.0,0.44,-0.07,shot_allowed
Rhinos,rhinos_synth_019,3,very_long,open_field,left,11,gun_1rb_2x2_spread_te_on,dime_326,even_4,5,cover2_trap_field,1,sim_pressure,1,1.0,0.48,-0.00,trap_alert
Rhinos,rhinos_synth_020,3,very_long,open_field,middle,11,gun_1rb_3x1_spread_te_off,dime_326,odd_mint,5,cover7_stubbie_trips,0,none,1,1.0,0.49,-0.02,conservative_coverage
Rhinos,rhinos_synth_021,3,very_long,open_field,right,11,gun_1rb_3x1_spread_te_on,dime_326,even_4,5,cover4_quarters,0,none,1,1.0,0.45,-0.00,checkdown_allowed
Rhinos,rhinos_synth_022,3,very_long,open_field,left,11,gun_1rb_3x1_bunch_te_on,dime_326,odd_mint,5,cover4_poach_trips,0,sim_pressure,1,1.0,0.44,-0.00,checkdown_allowed
Rhinos,rhinos_synth_023,3,very_long,open_field,middle,11,gun_1rb_2x2_spread_te_off,dime_326,even_4,5,cover2_trap_field,0,sim_pressure,1,1.0,0.49,-0.02,trap_alert
Rhinos,rhinos_synth_024,3,very_long,open_field,right,11,gun_1rb_2x2_spread_te_on,dime_326,odd_mint,5,cover7_stubbie_trips,0,none,1,1.0,0.49,-0.03,conservative_coverage
Rhinos,rhinos_synth_025,3,very_long,midfield,left,10,gun_1rb_2x2_spread_no_te,dime_326,even_4,5,cover4_quarters,0,none,1,1.0,0.44,-0.06,conservative_coverage
Rhinos,rhinos_synth_026,3,very_long,midfield,middle,10,gun_1rb_3x1_spread_no_te,dime_326,odd_mint,5,cover4_poach_trips,0,sim_pressure,1,1.0,0.43,-0.06,checkdown_allowed
Rhinos,rhinos_synth_027,3,very_long,midfield,right,10,gun_1rb_3x1_spread_y_middle,dime_326,even_4,5,cover2_trap_field,0,sim_pressure,1,1.0,0.48,0.00,trap_alert
Rhinos,rhinos_synth_028,3,very_long,midfield,left,10,gun_1rb_2x2_spread_no_te,dime_326,odd_mint,5,cover7_box_2x2,0,none,1,1.0,0.49,0.00,conservative_coverage
Rhinos,rhinos_synth_029,3,very_long,midfield,middle,10,gun_1rb_3x1_spread_no_te,dime_326,even_4,5,cover4_quarters,0,none,1,1.0,0.44,0.00,checkdown_allowed
Rhinos,rhinos_synth_030,3,very_long,midfield,right,10,gun_1rb_3x1_spread_y_middle,dime_326,odd_mint,5,cover4_poach_trips,0,sim_pressure,1,1.0,0.43,-0.07,shot_allowed
Rhinos,rhinos_synth_031,3,very_long,midfield,left,10,gun_1rb_2x2_spread_no_te,dime_326,even_4,5,cover2_trap_field,1,sim_pressure,1,1.0,0.47,-0.01,trap_alert
Rhinos,rhinos_synth_032,3,very_long,midfield,middle,10,gun_1rb_3x1_spread_no_te,dime_326,odd_mint,5,cover7_stubbie_trips,0,none,1,1.0,0.48,-0.03,conservative_coverage
Rhinos,rhinos_synth_033,3,very_long,midfield,right,10,gun_1rb_3x1_spread_y_middle,dime_326,even_4,5,cover4_quarters,0,none,1,1.0,0.44,-0.01,checkdown_allowed
Rhinos,rhinos_synth_034,3,very_long,midfield,left,10,gun_1rb_2x2_spread_no_te,dime_326,odd_mint,5,cover4_poach_trips,0,sim_pressure,1,1.0,0.43,-0.01,checkdown_allowed
Rhinos,rhinos_synth_035,3,very_long,midfield,middle,10,gun_1rb_3x1_spread_no_te,dime_326,even_4,5,cover2_trap_field,0,sim_pressure,1,1.0,0.48,-0.03,trap_alert
Rhinos,rhinos_synth_036,3,very_long,midfield,right,10,gun_1rb_3x1_spread_y_middle,dime_326,odd_mint,5,cover7_stubbie_trips,0,none,1,1.0,0.48,-0.04,conservative_coverage
Rhinos,rhinos_synth_037,3,very_long,midfield,left,11,gun_1rb_2x2_spread_te_off,dime_326,even_4,5,cover4_quarters,0,none,1,1.0,0.44,-0.06,conservative_coverage
Rhinos,rhinos_synth_038,3,very_long,midfield,middle,11,gun_1rb_2x2_spread_te_on,dime_326,odd_mint,5,cover4_poach_trips,0,sim_pressure,1,1.0,0.43,-0.06,checkdown_allowed
Rhinos,rhinos_synth_039,3,very_long,midfield,right,11,gun_1rb_3x1_spread_te_off,dime_326,even_4,5,cover2_trap_field,0,sim_pressure,1,1.0,0.48,0.00,trap_alert
Rhinos,rhinos_synth_040,3,very_long,midfield,left,11,gun_1rb_3x1_spread_te_on,dime_326,odd_mint,5,cover7_stubbie_trips,0,none,1,1.0,0.48,-0.01,conservative_coverage
Rhinos,rhinos_synth_041,3,very_long,midfield,middle,11,gun_1rb_3x1_bunch_te_on,dime_326,even_4,5,cover4_quarters,0,none,1,1.0,0.44,0.00,checkdown_allowed
Rhinos,rhinos_synth_042,3,very_long,midfield,right,11,gun_1rb_2x2_spread_te_off,dime_326,odd_mint,5,cover4_poach_trips,0,sim_pressure,1,1.0,0.43,-0.07,shot_allowed
Rhinos,rhinos_synth_043,3,very_long,midfield,left,11,gun_1rb_2x2_spread_te_on,dime_326,even_4,5,cover2_trap_field,1,sim_pressure,1,1.0,0.47,-0.01,trap_alert
Rhinos,rhinos_synth_044,3,very_long,midfield,middle,11,gun_1rb_3x1_spread_te_off,dime_326,odd_mint,5,cover7_stubbie_trips,0,none,1,1.0,0.48,-0.03,conservative_coverage
Rhinos,rhinos_synth_045,3,very_long,midfield,right,11,gun_1rb_3x1_spread_te_on,dime_326,even_4,5,cover4_quarters,0,none,1,1.0,0.44,-0.01,checkdown_allowed
Rhinos,rhinos_synth_046,3,very_long,midfield,left,11,gun_1rb_3x1_bunch_te_on,dime_326,odd_mint,5,cover4_poach_trips,0,sim_pressure,1,1.0,0.43,-0.01,checkdown_allowed
Rhinos,rhinos_synth_047,3,very_long,midfield,middle,11,gun_1rb_2x2_spread_te_off,dime_326,even_4,5,cover2_trap_field,0,sim_pressure,1,1.0,0.48,-0.03,trap_alert
Rhinos,rhinos_synth_048,3,very_long,midfield,right,11,gun_1rb_2x2_spread_te_on,dime_326,odd_mint,5,cover7_stubbie_trips,0,none,1,1.0,0.48,-0.04,conservative_coverage
Rhinos,rhinos_synth_049,3,very_long,red_zone,left,10,gun_1rb_2x2_spread_no_te,dime_326,even_4,5,cover1_robber_strong,0,none,1,1.0,0.38,-0.10,conservative_coverage
Rhinos,rhinos_synth_050,3,very_long,red_zone,middle,10,gun_1rb_3x1_spread_no_te,dime_326,odd_mint,5,cover4_poach_trips,0,sim_pressure,1,1.0,0.41,-0.08,checkdown_allowed
Rhinos,rhinos_synth_051,3,very_long,red_zone,right,10,gun_1rb_3x1_spread_y_middle,dime_326,even_4,5,cover1_man_free,0,sim_pressure,1,1.0,0.41,-0.09,trap_alert
Rhinos,rhinos_synth_052,3,very_long,red_zone,left,10,gun_1rb_2x2_spread_no_te,dime_326,odd_mint,5,cover1_robber_strong,0,none,1,1.0,0.42,-0.05,conservative_coverage
Rhinos,rhinos_synth_053,3,very_long,red_zone,middle,10,gun_1rb_3x1_spread_no_te,dime_326,even_4,5,cover1_robber_strong,0,none,1,1.0,0.38,-0.04,checkdown_allowed
Rhinos,rhinos_synth_054,3,very_long,red_zone,right,10,gun_1rb_3x1_spread_y_middle,dime_326,odd_mint,5,cover4_poach_trips,0,sim_pressure,1,1.0,0.41,-0.10,shot_allowed
Rhinos,rhinos_synth_055,3,very_long,red_zone,left,10,gun_1rb_2x2_spread_no_te,dime_326,even_4,5,cover1_man_free,1,sim_pressure,1,1.0,0.40,-0.10,trap_alert
Rhinos,rhinos_synth_056,3,very_long,red_zone,middle,10,gun_1rb_3x1_spread_no_te,dime_326,odd_mint,5,cover1_robber_strong,0,none,1,1.0,0.42,-0.07,conservative_coverage
Rhinos,rhinos_synth_057,3,very_long,red_zone,right,10,gun_1rb_3x1_spread_y_middle,dime_326,even_4,5,cover1_robber_strong,0,none,1,1.0,0.38,-0.05,checkdown_allowed
Rhinos,rhinos_synth_058,3,very_long,red_zone,left,10,gun_1rb_2x2_spread_no_te,dime_326,odd_mint,5,cover4_poach_trips,0,sim_pressure,1,1.0,0.41,-0.04,checkdown_allowed
Rhinos,rhinos_synth_059,3,very_long,red_zone,middle,10,gun_1rb_3x1_spread_no_te,dime_326,even_4,5,cover1_man_free,0,sim_pressure,1,1.0,0.41,-0.12,trap_alert
Rhinos,rhinos_synth_060,3,very_long,red_zone,right,10,gun_1rb_3x1_spread_y_middle,dime_326,odd_mint,5,cover1_robber_strong,0,none,1,1.0,0.42,-0.08,conservative_coverage
Rhinos,rhinos_synth_061,3,very_long,red_zone,left,11,gun_1rb_2x2_spread_te_off,dime_326,even_4,5,cover1_robber_strong,0,none,1,1.0,0.38,-0.10,conservative_coverage
Rhinos,rhinos_synth_062,3,very_long,red_zone,middle,11,gun_1rb_2x2_spread_te_on,dime_326,odd_mint,5,cover4_poach_trips,0,sim_pressure,1,1.0,0.41,-0.08,checkdown_allowed
Rhinos,rhinos_synth_063,3,very_long,red_zone,right,11,gun_1rb_3x1_spread_te_off,dime_326,even_4,5,cover1_man_free,0,sim_pressure,1,1.0,0.41,-0.09,trap_alert
Rhinos,rhinos_synth_064,3,very_long,red_zone,left,11,gun_1rb_3x1_spread_te_on,dime_326,odd_mint,5,cover1_robber_strong,0,none,1,1.0,0.42,-0.05,conservative_coverage
Rhinos,rhinos_synth_065,3,very_long,red_zone,middle,11,gun_1rb_3x1_bunch_te_on,dime_326,even_4,5,cover1_robber_strong,0,none,1,1.0,0.38,-0.04,checkdown_allowed
Rhinos,rhinos_synth_066,3,very_long,red_zone,right,11,gun_1rb_2x2_spread_te_off,dime_326,odd_mint,5,cover4_poach_trips,0,sim_pressure,1,1.0,0.41,-0.10,shot_allowed
Rhinos,rhinos_synth_067,3,very_long,red_zone,left,11,gun_1rb_2x2_spread_te_on,dime_326,even_4,5,cover1_man_free,1,sim_pressure,1,1.0,0.40,-0.10,trap_alert
Rhinos,rhinos_synth_068,3,very_long,red_zone,middle,11,gun_1rb_3x1_spread_te_off,dime_326,odd_mint,5,cover1_robber_strong,0,none,1,1.0,0.42,-0.07,conservative_coverage
Rhinos,rhinos_synth_069,3,very_long,red_zone,right,11,gun_1rb_3x1_spread_te_on,dime_326,even_4,5,cover1_robber_strong,0,none,1,1.0,0.38,-0.05,checkdown_allowed
Rhinos,rhinos_synth_070,3,very_long,red_zone,left,11,gun_1rb_3x1_bunch_te_on,dime_326,odd_mint,5,cover4_poach_trips,0,sim_pressure,1,1.0,0.41,-0.04,checkdown_allowed
Rhinos,rhinos_synth_071,3,very_long,red_zone,middle,11,gun_1rb_2x2_spread_te_off,dime_326,even_4,5,cover1_man_free,0,sim_pressure,1,1.0,0.41,-0.12,trap_alert
Rhinos,rhinos_synth_072,3,very_long,red_zone,right,11,gun_1rb_2x2_spread_te_on,dime_326,odd_mint,5,cover1_robber_strong,0,none,1,1.0,0.42,-0.08,conservative_coverage
Rhinos,rhinos_synth_073,1,medium,open_field,left,10,gun_1rb_2x2_spread_no_te,nickel_425,even_4,5,cover3_sky_field,0,none,1,1.0,0.51,0.04,run_fit
Rhinos,rhinos_synth_074,1,medium,open_field,middle,10,gun_1rb_3x1_spread_no_te,nickel_425,even_over,6,cover3_buzz_field,0,none,1,1.0,0.48,0.03,run_fit
Rhinos,rhinos_synth_075,1,medium,open_field,right,10,gun_1rb_3x1_spread_y_middle,nickel_425,even_under,6,cover3_sky_field,1,stem,1,1.0,0.51,0.06,rpo_access
Rhinos,rhinos_synth_076,1,medium,open_field,left,10,gun_1rb_2x2_spread_no_te,nickel_335,even_4,5,cover3_buzz_field,0,none,1,1.0,0.53,0.07,checkdown_allowed
Rhinos,rhinos_synth_077,1,medium,open_field,middle,10,gun_1rb_3x1_spread_no_te,nickel_425,even_over,6,cover3_sky_field,0,stem,1,1.0,0.49,0.09,run_fit
Rhinos,rhinos_synth_078,1,medium,open_field,right,10,gun_1rb_3x1_spread_y_middle,nickel_425,even_4,5,cover3_buzz_field,0,none,1,1.0,0.50,0.02,screen_allowed
Rhinos,rhinos_synth_079,1,medium,open_field,left,10,gun_1rb_2x2_spread_no_te,nickel_335,even_under,6,cover7_box_2x2,0,none,1,1.0,0.48,-0.01,match_coverage
Rhinos,rhinos_synth_080,1,medium,open_field,middle,10,gun_1rb_3x1_spread_no_te,nickel_425,even_over,6,cover4_quarters,0,stem,1,1.0,0.48,-0.01,match_coverage
Rhinos,rhinos_synth_081,1,medium,open_field,right,10,gun_1rb_3x1_spread_y_middle,nickel_425,even_4,5,cover3_sky_field,0,none,1,1.0,0.51,0.09,run_fit
Rhinos,rhinos_synth_082,1,medium,open_field,left,10,gun_1rb_2x2_spread_no_te,nickel_335,even_over,6,cover3_buzz_field,0,none,1,1.0,0.48,0.07,rpo_access
Rhinos,rhinos_synth_083,1,medium,open_field,middle,10,gun_1rb_3x1_spread_no_te,nickel_425,even_under,6,cover7_box_2x2,1,sim_pressure,1,1.0,0.46,-0.04,match_coverage
Rhinos,rhinos_synth_084,1,medium,open_field,right,10,gun_1rb_3x1_spread_y_middle,nickel_425,even_4,5,cover3_sky_field,1,sim_pressure,1,1.0,0.53,0.05,man_pressure
Rhinos,rhinos_synth_085,1,medium,open_field,left,11,gun_1rb_2x2_spread_te_off,nickel_425,even_over,6,cover3_buzz_boundary,0,none,1,1.0,0.46,0.00,run_fit
Rhinos,rhinos_synth_086,1,medium,open_field,middle,11,gun_1rb_2x2_spread_te_on,nickel_425,even_under,7,cover3_sky_field,0,stem,1,1.0,0.47,0.02,run_fit
Rhinos,rhinos_synth_087,1,medium,open_field,right,11,gun_1rb_3x1_spread_te_off,base_34,odd_tite,7,cover3_buzz_field,1,stem,1,1.0,0.46,0.01,man_pressure
Rhinos,rhinos_synth_088,1,medium,open_field,left,11,gun_1rb_3x1_spread_te_on,nickel_425,even_over,6,cover3_buzz_boundary,0,none,1,1.0,0.50,0.04,rpo_access
Rhinos,rhinos_synth_089,1,medium,open_field,middle,11,gun_1rb_3x1_bunch_te_on,nickel_335,even_under,6,cover3_sky_field,0,none,1,1.0,0.49,0.09,checkdown_allowed
Rhinos,rhinos_synth_090,1,medium,open_field,right,11,gun_1rb_2x2_spread_te_off,base_34,odd_tite,7,cover3_buzz_field,1,sim_pressure,1,1.0,0.43,-0.03,man_pressure
Rhinos,rhinos_synth_091,1,medium,open_field,left,11,gun_1rb_2x2_spread_te_on,nickel_425,even_over,6,cover3_buzz_boundary,0,none,1,1.0,0.49,0.01,run_fit
Rhinos,rhinos_synth_092,1,medium,open_field,middle,11,gun_1rb_3x1_spread_te_off,nickel_425,even_under,7,cover3_sky_field,0,stem,1,1.0,0.50,0.03,shot_allowed
Rhinos,rhinos_synth_093,1,medium,open_field,right,11,gun_1rb_3x1_spread_te_on,base_34,odd_tite,7,cover7_stubbie_trips,0,none,1,1.0,0.41,-0.03,match_coverage
Rhinos,rhinos_synth_094,1,medium,open_field,left,11,gun_1rb_3x1_bunch_te_on,nickel_425,even_over,6,cover7_stubbie_trips,1,sim_pressure,1,1.0,0.43,0.01,match_coverage
Rhinos,rhinos_synth_095,1,medium,open_field,middle,11,gun_1rb_2x2_spread_te_off,nickel_335,even_under,7,cover3_sky_field,0,none,1,1.0,0.49,0.00,run_fit
Rhinos,rhinos_synth_096,1,medium,open_field,right,11,gun_1rb_2x2_spread_te_on,nickel_335,odd_tite,6,cover3_sky_field,1,sim_pressure,1,1.0,0.51,0.04,man_pressure
Rhinos,rhinos_synth_097,1,medium,midfield,left,10,gun_1rb_2x2_spread_no_te,nickel_425,even_4,5,cover3_buzz_boundary,0,none,1,1.0,0.47,0.00,run_fit
Rhinos,rhinos_synth_098,1,medium,midfield,middle,10,gun_1rb_3x1_spread_no_te,nickel_425,even_over,6,cover3_buzz_field,0,none,1,1.0,0.47,0.01,run_fit
Rhinos,rhinos_synth_099,1,medium,midfield,right,10,gun_1rb_3x1_spread_y_middle,nickel_425,even_under,6,cover3_buzz_boundary,1,stem,1,1.0,0.47,0.02,rpo_access
Rhinos,rhinos_synth_100,1,medium,midfield,left,10,gun_1rb_2x2_spread_no_te,nickel_335,even_4,5,cover3_buzz_field,0,none,1,1.0,0.52,0.06,checkdown_allowed
Rhinos,rhinos_synth_101,1,medium,midfield,middle,10,gun_1rb_3x1_spread_no_te,nickel_425,even_over,6,cover3_buzz_boundary,0,stem,1,1.0,0.45,0.05,run_fit
Rhinos,rhinos_synth_102,1,medium,midfield,right,10,gun_1rb_3x1_spread_y_middle,nickel_425,even_4,5,cover3_buzz_field,0,none,1,1.0,0.49,0.01,screen_allowed
Rhinos,rhinos_synth_103,1,medium,midfield,left,10,gun_1rb_2x2_spread_no_te,nickel_335,even_under,6,cover4_poach_trips,0,none,1,1.0,0.45,-0.04,match_coverage
Rhinos,rhinos_synth_104,1,medium,midfield,middle,10,gun_1rb_3x1_spread_no_te,nickel_425,even_over,6,cover4_quarters,0,stem,1,1.0,0.47,-0.02,match_coverage
Rhinos,rhinos_synth_105,1,medium,midfield,right,10,gun_1rb_3x1_spread_y_middle,nickel_425,even_4,5,cover3_buzz_boundary,0,none,1,1.0,0.47,0.04,run_fit
Rhinos,rhinos_synth_106,1,medium,midfield,left,10,gun_1rb_2x2_spread_no_te,nickel_335,even_over,6,cover3_buzz_field,0,none,1,1.0,0.47,0.06,rpo_access
Rhinos,rhinos_synth_107,1,medium,midfield,middle,10,gun_1rb_3x1_spread_no_te,nickel_425,even_under,6,cover4_poach_trips,1,sim_pressure,1,1.0,0.43,-0.07,match_coverage
Rhinos,rhinos_synth_108,1,medium,midfield,right,10,gun_1rb_3x1_spread_y_middle,nickel_425,even_4,5,cover1_man_free,1,blitz,1,1.0,0.43,-0.07,man_pressure
Rhinos,rhinos_synth_109,1,medium,midfield,left,11,gun_1rb_2x2_spread_te_off,nickel_425,even_over,6,cover3_buzz_boundary,0,none,1,1.0,0.45,-0.01,run_fit
Rhinos,rhinos_synth_110,1,medium,midfield,middle,11,gun_1rb_2x2_spread_te_on,nickel_425,even_under,7,cover3_buzz_boundary,0,stem,1,1.0,0.43,-0.02,run_fit
Rhinos,rhinos_synth_111,1,medium,midfield,right,11,gun_1rb_3x1_spread_te_off,base_34,odd_tite,7,cover1_robber_strong,1,stem,1,1.0,0.38,-0.07,man_pressure
Rhinos,rhinos_synth_112,1,medium,midfield,left,11,gun_1rb_3x1_spread_te_on,nickel_425,even_over,6,cover3_buzz_boundary,0,none,1,1.0,0.49,0.04,rpo_access
Rhinos,rhinos_synth_113,1,medium,midfield,middle,11,gun_1rb_3x1_bunch_te_on,nickel_335,even_under,6,cover3_buzz_boundary,0,none,1,1.0,0.45,0.05,checkdown_allowed
Rhinos,rhinos_synth_114,1,medium,midfield,right,11,gun_1rb_2x2_spread_te_off,base_34,odd_tite,7,cover1_robber_strong,1,sim_pressure,1,1.0,0.35,-0.11,man_pressure
Rhinos,rhinos_synth_115,1,medium,midfield,left,11,gun_1rb_2x2_spread_te_on,nickel_425,even_over,6,cover3_buzz_boundary,0,none,1,1.0,0.48,0.01,run_fit
Rhinos,rhinos_synth_116,1,medium,midfield,middle,11,gun_1rb_3x1_spread_te_off,nickel_425,even_under,7,cover3_buzz_boundary,0,stem,1,1.0,0.46,-0.01,shot_allowed
Rhinos,rhinos_synth_117,1,medium,midfield,right,11,gun_1rb_3x1_spread_te_on,base_34,odd_tite,7,cover7_stubbie_trips,0,none,1,1.0,0.40,-0.04,match_coverage
Rhinos,rhinos_synth_118,1,medium,midfield,left,11,gun_1rb_3x1_bunch_te_on,nickel_425,even_over,6,cover7_stubbie_trips,1,sim_pressure,1,1.0,0.42,0.00,match_coverage
Rhinos,rhinos_synth_119,1,medium,midfield,middle,11,gun_1rb_2x2_spread_te_off,nickel_335,even_under,7,cover3_buzz_boundary,0,none,1,1.0,0.45,-0.04,run_fit
Rhinos,rhinos_synth_120,1,medium,midfield,right,11,gun_1rb_2x2_spread_te_on,nickel_335,odd_tite,6,cover1_man_free,1,blitz,1,1.0,0.41,-0.08,man_pressure
Rhinos,rhinos_synth_121,1,medium,red_zone,left,10,gun_1rb_2x2_spread_no_te,nickel_425,even_4,6,cover1_man_free,1,blitz,1,1.0,0.36,-0.12,redzone_pressure
Rhinos,rhinos_synth_122,1,medium,red_zone,middle,10,gun_1rb_3x1_spread_no_te,nickel_425,even_over,7,cover1_robber_strong,1,blitz,1,1.0,0.33,-0.12,redzone_pressure
Rhinos,rhinos_synth_123,1,medium,red_zone,right,10,gun_1rb_3x1_spread_y_middle,nickel_425,even_under,7,cover1_man_free,2,stem,1,1.0,0.35,-0.12,rpo_access
Rhinos,rhinos_synth_124,1,medium,red_zone,left,10,gun_1rb_2x2_spread_no_te,nickel_335,even_4,6,cover1_robber_strong,1,blitz,1,1.0,0.38,-0.06,checkdown_allowed
Rhinos,rhinos_synth_125,1,medium,red_zone,middle,10,gun_1rb_3x1_spread_no_te,nickel_425,even_over,7,cover1_man_free,1,stem,1,1.0,0.34,-0.07,redzone_pressure
Rhinos,rhinos_synth_126,1,medium,red_zone,right,10,gun_1rb_3x1_spread_y_middle,nickel_425,even_4,6,cover1_robber_strong,1,blitz,1,1.0,0.36,-0.10,screen_allowed
Rhinos,rhinos_synth_127,1,medium,red_zone,left,10,gun_1rb_2x2_spread_no_te,nickel_335,even_under,7,cover1_man_free,1,blitz,1,1.0,0.35,-0.13,match_coverage
Rhinos,rhinos_synth_128,1,medium,red_zone,middle,10,gun_1rb_3x1_spread_no_te,nickel_425,even_over,7,cover1_robber_strong,1,stem,1,1.0,0.37,-0.09,match_coverage
Rhinos,rhinos_synth_129,1,medium,red_zone,right,10,gun_1rb_3x1_spread_y_middle,nickel_425,even_4,6,cover1_man_free,1,blitz,1,1.0,0.36,-0.07,redzone_pressure
Rhinos,rhinos_synth_130,1,medium,red_zone,left,10,gun_1rb_2x2_spread_no_te,nickel_335,even_over,7,cover1_robber_strong,1,blitz,1,1.0,0.33,-0.08,rpo_access
Rhinos,rhinos_synth_131,1,medium,red_zone,middle,10,gun_1rb_3x1_spread_no_te,nickel_425,even_under,7,cover1_man_free,2,sim_pressure,1,1.0,0.34,-0.16,match_coverage
Rhinos,rhinos_synth_132,1,medium,red_zone,right,10,gun_1rb_3x1_spread_y_middle,nickel_425,even_4,6,cover1_man_free,2,blitz,1,1.0,0.37,-0.12,redzone_pressure
Rhinos,rhinos_synth_133,1,medium,red_zone,left,11,gun_1rb_2x2_spread_te_off,nickel_425,even_over,7,cover3_buzz_boundary,1,blitz,1,1.0,0.38,-0.07,redzone_pressure
Rhinos,rhinos_synth_134,1,medium,red_zone,middle,11,gun_1rb_2x2_spread_te_on,nickel_425,even_under,8,cover1_man_free,1,stem,1,1.0,0.35,-0.12,redzone_pressure
Rhinos,rhinos_synth_135,1,medium,red_zone,right,11,gun_1rb_3x1_spread_te_off,base_34,odd_tite,8,cover1_robber_strong,2,stem,1,1.0,0.34,-0.11,redzone_pressure
Rhinos,rhinos_synth_136,1,medium,red_zone,left,11,gun_1rb_3x1_spread_te_on,nickel_425,even_over,7,cover3_buzz_boundary,1,blitz,1,1.0,0.41,-0.03,rpo_access
Rhinos,rhinos_synth_137,1,medium,red_zone,middle,11,gun_1rb_3x1_bunch_te_on,nickel_335,even_under,7,cover1_man_free,1,blitz,1,1.0,0.33,-0.09,checkdown_allowed
Rhinos,rhinos_synth_138,1,medium,red_zone,right,11,gun_1rb_2x2_spread_te_off,base_34,odd_tite,8,cover1_robber_strong,2,sim_pressure,1,1.0,0.31,-0.15,redzone_pressure
Rhinos,rhinos_synth_139,1,medium,red_zone,left,11,gun_1rb_2x2_spread_te_on,nickel_425,even_over,7,cover3_buzz_boundary,1,blitz,1,1.0,0.40,-0.06,redzone_pressure
Rhinos,rhinos_synth_140,1,medium,red_zone,middle,11,gun_1rb_3x1_spread_te_off,nickel_425,even_under,8,cover1_man_free,1,stem,1,1.0,0.38,-0.10,shot_allowed
Rhinos,rhinos_synth_141,1,medium,red_zone,right,11,gun_1rb_3x1_spread_te_on,base_34,odd_tite,8,cover1_robber_strong,1,blitz,1,1.0,0.32,-0.09,match_coverage
Rhinos,rhinos_synth_142,1,medium,red_zone,left,11,gun_1rb_3x1_bunch_te_on,nickel_425,even_over,7,cover1_robber_strong,2,sim_pressure,1,1.0,0.31,-0.09,match_coverage
Rhinos,rhinos_synth_143,1,medium,red_zone,middle,11,gun_1rb_2x2_spread_te_off,nickel_335,even_under,8,cover1_man_free,1,blitz,1,1.0,0.35,-0.15,redzone_pressure
Rhinos,rhinos_synth_144,1,medium,red_zone,right,11,gun_1rb_2x2_spread_te_on,nickel_335,odd_tite,7,cover1_man_free,2,blitz,1,1.0,0.34,-0.15,redzone_pressure
Rhinos,rhinos_synth_145,2,short,open_field,left,10,gun_1rb_2x2_spread_no_te,base_34,odd_tite,7,cover1_man_free,1,stem,1,1.0,0.47,0.01,heavy_box
Rhinos,rhinos_synth_146,2,short,open_field,middle,10,gun_1rb_3x1_spread_no_te,base_43,bear,8,cover1_robber_strong,2,blitz,1,1.0,0.36,-0.10,heavy_box
Rhinos,rhinos_synth_147,2,short,open_field,right,10,gun_1rb_3x1_spread_y_middle,nickel_335,even_under,7,cover3_buzz_field,1,sim_pressure,1,1.0,0.47,0.01,run_fit
Rhinos,rhinos_synth_148,2,short,open_field,left,10,gun_1rb_2x2_spread_no_te,base_34,odd_tite,8,cover1_man_free,2,blitz,1,1.0,0.47,0.02,man_pressure
Rhinos,rhinos_synth_149,2,short,open_field,middle,10,gun_1rb_3x1_spread_no_te,base_43,bear,8,cover3_buzz_field,1,stem,1,1.0,0.45,0.05,heavy_box
Rhinos,rhinos_synth_150,2,short,open_field,right,10,gun_1rb_3x1_spread_y_middle,nickel_335,even_under,7,cover1_robber_strong,1,sim_pressure,1,1.0,0.38,-0.09,run_fit
Rhinos,rhinos_synth_151,2,short,open_field,left,10,gun_1rb_2x2_spread_no_te,base_34,odd_tite,7,cover3_buzz_field,1,stem,1,1.0,0.50,0.03,rpo_access
Rhinos,rhinos_synth_152,2,short,open_field,middle,10,gun_1rb_3x1_spread_no_te,base_43,bear,8,cover0_pressure,3,blitz,1,1.0,0.45,-0.02,man_pressure
Rhinos,rhinos_synth_153,2,short,open_field,right,10,gun_1rb_3x1_spread_y_middle,base_43,even_under,7,cover3_buzz_field,1,none,1,1.0,0.45,0.04,run_fit
Rhinos,rhinos_synth_154,2,short,open_field,left,10,gun_1rb_2x2_spread_no_te,base_34,odd_tite,8,cover1_robber_strong,2,blitz,1,1.0,0.36,-0.06,heavy_box
Rhinos,rhinos_synth_155,2,short,open_field,middle,10,gun_1rb_3x1_spread_no_te,base_43,bear,8,cover1_man_free,2,blitz,1,1.0,0.46,-0.02,run_fit
Rhinos,rhinos_synth_156,2,short,open_field,right,10,gun_1rb_3x1_spread_y_middle,nickel_335,even_under,7,cover3_buzz_field,1,sim_pressure,1,1.0,0.48,-0.00,screen_allowed
Rhinos,rhinos_synth_157,2,short,open_field,left,11,gun_1rb_2x2_spread_te_off,nickel_335,odd_tite,8,cover3_buzz_field,1,sim_pressure,1,1.0,0.44,-0.02,run_fit
Rhinos,rhinos_synth_158,2,short,open_field,middle,11,gun_1rb_2x2_spread_te_on,nickel_335,bear,8,cover1_man_free,2,blitz,1,1.0,0.43,-0.03,heavy_box
Rhinos,rhinos_synth_159,2,short,open_field,right,11,gun_1rb_3x1_spread_te_off,base_34,even_under,7,cover1_robber_strong,1,sim_pressure,1,1.0,0.49,0.03,run_fit
Rhinos,rhinos_synth_160,2,short,open_field,left,11,gun_1rb_3x1_spread_te_on,nickel_335,odd_tite,8,cover3_buzz_field,1,sim_pressure,1,1.0,0.48,0.03,heavy_box
Rhinos,rhinos_synth_161,2,short,open_field,middle,11,gun_1rb_3x1_bunch_te_on,base_34,bear,8,cover1_man_free,2,blitz,1,1.0,0.42,0.01,run_fit
Rhinos,rhinos_synth_162,2,short,open_field,right,11,gun_1rb_2x2_spread_te_off,nickel_335,even_under,7,cover3_buzz_field,1,stem,1,1.0,0.47,0.00,rpo_access
Rhinos,rhinos_synth_163,2,short,open_field,left,11,gun_1rb_2x2_spread_te_on,base_34,odd_tite,7,cover1_robber_strong,1,sim_pressure,1,1.0,0.47,-0.00,run_fit
Rhinos,rhinos_synth_164,2,short,open_field,middle,11,gun_1rb_3x1_spread_te_off,nickel_335,bear,8,cover0_pressure,2,blitz,1,1.0,0.47,0.01,man_pressure
Rhinos,rhinos_synth_165,2,short,open_field,right,11,gun_1rb_3x1_spread_te_on,base_34,even_under,7,cover3_buzz_field,1,sim_pressure,1,1.0,0.44,0.03,run_fit
Rhinos,rhinos_synth_166,2,short,open_field,left,11,gun_1rb_3x1_bunch_te_on,nickel_335,odd_tite,8,cover1_man_free,1,sim_pressure,1,1.0,0.47,0.06,heavy_box
Rhinos,rhinos_synth_167,2,short,open_field,middle,11,gun_1rb_2x2_spread_te_off,base_34,bear,8,cover3_buzz_field,2,blitz,1,1.0,0.44,-0.04,screen_allowed
Rhinos,rhinos_synth_168,2,short,open_field,right,11,gun_1rb_2x2_spread_te_on,nickel_335,even_under,7,cover1_robber_strong,1,sim_pressure,1,1.0,0.50,0.02,man_pressure
Rhinos,rhinos_synth_169,2,short,midfield,left,10,gun_1rb_2x2_spread_no_te,base_34,odd_tite,7,cover1_man_free,1,stem,1,1.0,0.38,-0.10,heavy_box
Rhinos,rhinos_synth_170,2,short,midfield,middle,10,gun_1rb_3x1_spread_no_te,base_43,bear,8,cover1_robber_strong,2,blitz,1,1.0,0.35,-0.11,heavy_box
Rhinos,rhinos_synth_171,2,short,midfield,right,10,gun_1rb_3x1_spread_y_middle,nickel_335,even_under,7,cover3_buzz_field,1,sim_pressure,1,1.0,0.46,0.00,run_fit
Rhinos,rhinos_synth_172,2,short,midfield,left,10,gun_1rb_2x2_spread_no_te,base_34,odd_tite,8,cover1_man_free,2,blitz,1,1.0,0.38,-0.09,man_pressure
Rhinos,rhinos_synth_173,2,short,midfield,middle,10,gun_1rb_3x1_spread_no_te,base_43,bear,8,cover3_buzz_field,1,stem,1,1.0,0.44,0.04,heavy_box
Rhinos,rhinos_synth_174,2,short,midfield,right,10,gun_1rb_3x1_spread_y_middle,nickel_335,even_under,7,cover1_robber_strong,1,sim_pressure,1,1.0,0.37,-0.10,run_fit
Rhinos,rhinos_synth_175,2,short,midfield,left,10,gun_1rb_2x2_spread_no_te,base_34,odd_tite,7,cover1_man_free,1,stem,1,1.0,0.41,-0.09,rpo_access
Rhinos,rhinos_synth_176,2,short,midfield,middle,10,gun_1rb_3x1_spread_no_te,base_43,bear,8,cover0_pressure,3,blitz,1,1.0,0.34,-0.15,man_pressure
Rhinos,rhinos_synth_177,2,short,midfield,right,10,gun_1rb_3x1_spread_y_middle,base_43,even_under,7,cover3_buzz_field,1,none,1,1.0,0.44,0.03,run_fit
Rhinos,rhinos_synth_178,2,short,midfield,left,10,gun_1rb_2x2_spread_no_te,base_34,odd_tite,8,cover1_robber_strong,2,blitz,1,1.0,0.35,-0.07,heavy_box
Rhinos,rhinos_synth_179,2,short,midfield,middle,10,gun_1rb_3x1_spread_no_te,base_43,bear,8,cover1_man_free,2,blitz,1,1.0,0.37,-0.14,run_fit
Rhinos,rhinos_synth_180,2,short,midfield,right,10,gun_1rb_3x1_spread_y_middle,nickel_335,even_under,7,cover3_buzz_field,1,sim_pressure,1,1.0,0.47,-0.01,screen_allowed
Rhinos,rhinos_synth_181,2,short,midfield,left,11,gun_1rb_2x2_spread_te_off,nickel_335,odd_tite,8,cover1_man_free,1,sim_pressure,1,1.0,0.43,-0.03,run_fit
Rhinos,rhinos_synth_182,2,short,midfield,middle,11,gun_1rb_2x2_spread_te_on,nickel_335,bear,8,cover1_robber_strong,2,blitz,1,1.0,0.42,-0.04,heavy_box
Rhinos,rhinos_synth_183,2,short,midfield,right,11,gun_1rb_3x1_spread_te_off,base_34,even_under,7,cover3_buzz_field,1,sim_pressure,1,1.0,0.40,-0.08,rpo_access
Rhinos,rhinos_synth_184,2,short,midfield,left,11,gun_1rb_3x1_spread_te_on,nickel_335,odd_tite,8,cover1_man_free,1,sim_pressure,1,1.0,0.47,0.01,heavy_box
Rhinos,rhinos_synth_185,2,short,midfield,middle,11,gun_1rb_3x1_bunch_te_on,base_34,bear,8,cover3_buzz_field,2,blitz,1,1.0,0.41,0.00,run_fit
Rhinos,rhinos_synth_186,2,short,midfield,right,11,gun_1rb_2x2_spread_te_off,nickel_335,even_under,7,cover1_robber_strong,1,sim_pressure,1,1.0,0.38,-0.11,man_pressure
Rhinos,rhinos_synth_187,2,short,midfield,left,11,gun_1rb_2x2_spread_te_on,base_34,odd_tite,7,cover3_buzz_field,1,sim_pressure,1,1.0,0.46,-0.01,run_fit
Rhinos,rhinos_synth_188,2,short,midfield,middle,11,gun_1rb_3x1_spread_te_off,nickel_335,bear,8,cover0_pressure,3,blitz,1,1.0,0.38,-0.11,man_pressure
Rhinos,rhinos_synth_189,2,short,midfield,right,11,gun_1rb_3x1_spread_te_on,base_34,even_under,7,cover1_man_free,1,sim_pressure,1,1.0,0.43,0.01,run_fit
Rhinos,rhinos_synth_190,2,short,midfield,left,11,gun_1rb_3x1_bunch_te_on,nickel_335,odd_tite,8,cover1_robber_strong,1,sim_pressure,1,1.0,0.38,-0.05,heavy_box
Rhinos,rhinos_synth_191,2,short,midfield,middle,11,gun_1rb_2x2_spread_te_off,base_34,bear,8,cover3_buzz_field,2,blitz,1,1.0,0.43,-0.06,screen_allowed
Rhinos,rhinos_synth_192,2,short,midfield,right,11,gun_1rb_2x2_spread_te_on,nickel_335,even_under,7,cover1_man_free,1,sim_pressure,1,1.0,0.41,-0.10,man_pressure
Rhinos,rhinos_synth_193,2,short,red_zone,left,10,gun_1rb_2x2_spread_no_te,base_34,odd_tite,8,cover1_man_free,2,stem,1,1.0,0.34,-0.14,redzone_pressure
Rhinos,rhinos_synth_194,2,short,red_zone,middle,10,gun_1rb_3x1_spread_no_te,base_43,bear,8,cover1_robber_strong,3,blitz,1,1.0,0.33,-0.13,redzone_pressure
Rhinos,rhinos_synth_195,2,short,red_zone,right,10,gun_1rb_3x1_spread_y_middle,nickel_335,even_under,8,cover1_robber_strong,2,sim_pressure,1,1.0,0.35,-0.11,redzone_pressure
Rhinos,rhinos_synth_196,2,short,red_zone,left,10,gun_1rb_2x2_spread_no_te,base_34,odd_tite,8,cover1_man_free,3,blitz,1,1.0,0.36,-0.11,redzone_pressure
Rhinos,rhinos_synth_197,2,short,red_zone,middle,10,gun_1rb_3x1_spread_no_te,base_43,bear,8,cover1_robber_strong,2,stem,1,1.0,0.33,-0.07,redzone_pressure
Rhinos,rhinos_synth_198,2,short,red_zone,right,10,gun_1rb_3x1_spread_y_middle,nickel_335,even_under,8,cover1_robber_strong,2,sim_pressure,1,1.0,0.33,-0.14,redzone_pressure
Rhinos,rhinos_synth_199,2,short,red_zone,left,10,gun_1rb_2x2_spread_no_te,base_34,odd_tite,8,cover1_man_free,2,stem,1,1.0,0.37,-0.12,rpo_access
Rhinos,rhinos_synth_200,2,short,red_zone,middle,10,gun_1rb_3x1_spread_no_te,base_43,bear,8,cover0_pressure,3,blitz,1,1.0,0.32,-0.17,redzone_pressure
Rhinos,rhinos_synth_201,2,short,red_zone,right,10,gun_1rb_3x1_spread_y_middle,base_43,even_under,8,cover1_robber_strong,2,blitz,1,1.0,0.32,-0.10,redzone_pressure
Rhinos,rhinos_synth_202,2,short,red_zone,left,10,gun_1rb_2x2_spread_no_te,base_34,odd_tite,8,cover1_robber_strong,3,blitz,1,1.0,0.33,-0.09,redzone_pressure
Rhinos,rhinos_synth_203,2,short,red_zone,middle,10,gun_1rb_3x1_spread_no_te,base_43,bear,8,cover1_man_free,3,blitz,1,1.0,0.35,-0.15,redzone_pressure
Rhinos,rhinos_synth_204,2,short,red_zone,right,10,gun_1rb_3x1_spread_y_middle,nickel_335,even_under,8,cover1_robber_strong,2,sim_pressure,1,1.0,0.36,-0.12,screen_allowed
Rhinos,rhinos_synth_205,2,short,red_zone,left,11,gun_1rb_2x2_spread_te_off,nickel_335,odd_tite,8,cover1_robber_strong,2,sim_pressure,1,1.0,0.32,-0.14,redzone_pressure
Rhinos,rhinos_synth_206,2,short,red_zone,middle,11,gun_1rb_2x2_spread_te_on,nickel_335,bear,8,cover0_pressure,3,blitz,1,1.0,0.33,-0.13,screen_allowed
Rhinos,rhinos_synth_207,2,short,red_zone,right,11,gun_1rb_3x1_spread_te_off,base_34,even_under,8,cover1_man_free,2,sim_pressure,1,1.0,0.36,-0.12,rpo_access
Rhinos,rhinos_synth_208,2,short,red_zone,left,11,gun_1rb_3x1_spread_te_on,nickel_335,odd_tite,8,cover1_robber_strong,2,blitz,1,1.0,0.36,-0.10,redzone_pressure
Rhinos,rhinos_synth_209,2,short,red_zone,middle,11,gun_1rb_3x1_bunch_te_on,base_34,bear,8,cover1_robber_strong,3,blitz,1,1.0,0.32,-0.09,redzone_pressure
Rhinos,rhinos_synth_210,2,short,red_zone,right,11,gun_1rb_2x2_spread_te_off,nickel_335,even_under,8,cover1_man_free,2,sim_pressure,1,1.0,0.34,-0.15,redzone_pressure
Rhinos,rhinos_synth_211,2,short,red_zone,left,11,gun_1rb_2x2_spread_te_on,base_34,odd_tite,8,cover1_robber_strong,2,sim_pressure,1,1.0,0.35,-0.12,redzone_pressure
Rhinos,rhinos_synth_212,2,short,red_zone,middle,11,gun_1rb_3x1_spread_te_off,nickel_335,bear,8,cover1_man_free,3,blitz,1,1.0,0.36,-0.12,redzone_pressure
Rhinos,rhinos_synth_213,2,short,red_zone,right,11,gun_1rb_3x1_spread_te_on,base_34,even_under,8,cover1_robber_strong,2,sim_pressure,1,1.0,0.32,-0.10,redzone_pressure
Rhinos,rhinos_synth_214,2,short,red_zone,left,11,gun_1rb_3x1_bunch_te_on,nickel_335,odd_tite,8,cover1_man_free,2,sim_pressure,1,1.0,0.34,-0.09,redzone_pressure
Rhinos,rhinos_synth_215,2,short,red_zone,middle,11,gun_1rb_2x2_spread_te_off,base_34,bear,8,cover0_pressure,3,blitz,1,1.0,0.34,-0.15,screen_allowed
Rhinos,rhinos_synth_216,2,short,red_zone,right,11,gun_1rb_2x2_spread_te_on,nickel_335,even_under,8,cover1_robber_strong,2,sim_pressure,1,1.0,0.37,-0.14,redzone_pressure
Rhinos,rhinos_synth_217,2,medium,open_field,left,10,gun_1rb_2x2_spread_no_te,nickel_425,even_over,6,cover3_buzz_field,0,none,1,1.0,0.47,0.01,run_fit
Rhinos,rhinos_synth_218,2,medium,open_field,middle,10,gun_1rb_3x1_spread_no_te,nickel_335,odd_mint,6,cover7_box_2x2,0,stem,1,1.0,0.46,-0.01,match_coverage
Rhinos,rhinos_synth_219,2,medium,open_field,right,10,gun_1rb_3x1_spread_y_middle,nickel_425,even_4,6,cover4_quarters,0,none,1,1.0,0.47,-0.01,match_coverage
Rhinos,rhinos_synth_220,2,medium,open_field,left,10,gun_1rb_2x2_spread_no_te,nickel_425,even_over,6,cover3_sky_field,1,sim_pressure,1,1.0,0.51,0.07,man_pressure
Rhinos,rhinos_synth_221,2,medium,open_field,middle,10,gun_1rb_3x1_spread_no_te,nickel_335,odd_mint,6,cover3_buzz_field,0,stem,1,1.0,0.47,0.07,rpo_access
Rhinos,rhinos_synth_222,2,medium,open_field,right,10,gun_1rb_3x1_spread_y_middle,nickel_425,even_4,6,cover7_box_2x2,0,none,1,1.0,0.46,-0.03,checkdown_allowed
Rhinos,rhinos_synth_223,2,medium,open_field,left,10,gun_1rb_2x2_spread_no_te,nickel_335,even_over,6,cover4_quarters,0,none,1,1.0,0.47,-0.03,match_coverage
Rhinos,rhinos_synth_224,2,medium,open_field,middle,10,gun_1rb_3x1_spread_no_te,nickel_335,odd_mint,6,cover3_sky_field,1,sim_pressure,1,1.0,0.51,0.05,man_pressure
Rhinos,rhinos_synth_225,2,medium,open_field,right,10,gun_1rb_3x1_spread_y_middle,nickel_425,even_4,6,cover3_buzz_field,0,none,1,1.0,0.47,0.06,run_fit
Rhinos,rhinos_synth_226,2,medium,open_field,left,10,gun_1rb_2x2_spread_no_te,nickel_425,even_over,6,cover7_box_2x2,0,stem,1,1.0,0.46,0.03,match_coverage
Rhinos,rhinos_synth_227,2,medium,open_field,middle,10,gun_1rb_3x1_spread_no_te,nickel_335,odd_mint,6,cover4_quarters,0,none,1,1.0,0.47,-0.04,checkdown_allowed
Rhinos,rhinos_synth_228,2,medium,open_field,right,10,gun_1rb_3x1_spread_y_middle,nickel_425,even_4,6,cover3_sky_field,1,sim_pressure,1,1.0,0.51,0.04,man_pressure
Rhinos,rhinos_synth_229,2,medium,open_field,left,11,gun_1rb_2x2_spread_te_off,nickel_425,even_over,6,cover3_buzz_field,0,none,1,1.0,0.47,0.01,run_fit
Rhinos,rhinos_synth_230,2,medium,open_field,middle,11,gun_1rb_2x2_spread_te_on,nickel_335,odd_mint,6,cover7_box_2x2,0,stem,1,1.0,0.46,-0.01,match_coverage
Rhinos,rhinos_synth_231,2,medium,open_field,right,11,gun_1rb_3x1_spread_te_off,nickel_425,even_4,6,cover4_quarters,0,none,1,1.0,0.47,-0.01,checkdown_allowed
Rhinos,rhinos_synth_232,2,medium,open_field,left,11,gun_1rb_3x1_spread_te_on,nickel_425,even_over,6,cover3_sky_field,1,sim_pressure,1,1.0,0.51,0.07,man_pressure
Rhinos,rhinos_synth_233,2,medium,open_field,middle,11,gun_1rb_3x1_bunch_te_on,nickel_335,odd_mint,6,cover3_buzz_field,0,stem,1,1.0,0.47,0.07,rpo_access
Rhinos,rhinos_synth_234,2,medium,open_field,right,11,gun_1rb_2x2_spread_te_off,nickel_425,even_4,6,cover7_box_2x2,0,none,1,1.0,0.46,-0.03,match_coverage
Rhinos,rhinos_synth_235,2,medium,open_field,left,11,gun_1rb_2x2_spread_te_on,nickel_335,even_over,6,cover4_quarters,0,none,1,1.0,0.47,-0.03,checkdown_allowed
Rhinos,rhinos_synth_236,2,medium,open_field,middle,11,gun_1rb_3x1_spread_te_off,nickel_335,odd_mint,6,cover3_sky_field,1,sim_pressure,1,1.0,0.51,0.05,man_pressure
Rhinos,rhinos_synth_237,2,medium,open_field,right,11,gun_1rb_3x1_spread_te_on,nickel_425,even_4,6,cover3_buzz_field,0,none,1,1.0,0.47,0.06,run_fit
Rhinos,rhinos_synth_238,2,medium,open_field,left,11,gun_1rb_3x1_bunch_te_on,nickel_425,even_over,6,cover7_stubbie_trips,0,stem,1,1.0,0.45,0.02,match_coverage
Rhinos,rhinos_synth_239,2,medium,open_field,middle,11,gun_1rb_2x2_spread_te_off,nickel_335,odd_mint,6,cover4_quarters,0,none,1,1.0,0.47,-0.04,checkdown_allowed
Rhinos,rhinos_synth_240,2,medium,open_field,right,11,gun_1rb_2x2_spread_te_on,nickel_425,even_4,6,cover3_sky_field,1,sim_pressure,1,1.0,0.51,0.04,man_pressure
Rhinos,rhinos_synth_241,2,medium,midfield,left,10,gun_1rb_2x2_spread_no_te,nickel_425,even_over,6,cover3_buzz_field,0,none,1,1.0,0.46,0.00,run_fit
Rhinos,rhinos_synth_242,2,medium,midfield,middle,10,gun_1rb_3x1_spread_no_te,nickel_335,odd_mint,6,cover4_poach_trips,0,stem,1,1.0,0.43,-0.04,match_coverage
Rhinos,rhinos_synth_243,2,medium,midfield,right,10,gun_1rb_3x1_spread_y_middle,nickel_425,even_4,6,cover4_quarters,0,none,1,1.0,0.46,-0.02,match_coverage
Rhinos,rhinos_synth_244,2,medium,midfield,left,10,gun_1rb_2x2_spread_no_te,nickel_425,even_over,6,cover1_man_free,1,sim_pressure,1,1.0,0.42,-0.05,man_pressure
Rhinos,rhinos_synth_245,2,medium,midfield,middle,10,gun_1rb_3x1_spread_no_te,nickel_335,odd_mint,6,cover3_buzz_field,0,stem,1,1.0,0.46,0.06,rpo_access
Rhinos,rhinos_synth_246,2,medium,midfield,right,10,gun_1rb_3x1_spread_y_middle,nickel_425,even_4,6,cover4_poach_trips,0,none,1,1.0,0.43,-0.06,checkdown_allowed
Rhinos,rhinos_synth_247,2,medium,midfield,left,10,gun_1rb_2x2_spread_no_te,nickel_335,even_over,6,cover4_quarters,0,none,1,1.0,0.46,-0.04,match_coverage
Rhinos,rhinos_synth_248,2,medium,midfield,middle,10,gun_1rb_3x1_spread_no_te,nickel_335,odd_mint,6,cover1_man_free,1,sim_pressure,1,1.0,0.42,-0.06,man_pressure
Rhinos,rhinos_synth_249,2,medium,midfield,right,10,gun_1rb_3x1_spread_y_middle,nickel_425,even_4,6,cover3_buzz_field,0,none,1,1.0,0.46,0.04,run_fit
Rhinos,rhinos_synth_250,2,medium,midfield,left,10,gun_1rb_2x2_spread_no_te,nickel_425,even_over,6,cover4_poach_trips,0,stem,1,1.0,0.43,0.00,match_coverage
Rhinos,rhinos_synth_251,2,medium,midfield,middle,10,gun_1rb_3x1_spread_no_te,nickel_335,odd_mint,6,cover4_quarters,0,none,1,1.0,0.46,-0.05,checkdown_allowed
Rhinos,rhinos_synth_252,2,medium,midfield,right,10,gun_1rb_3x1_spread_y_middle,nickel_425,even_4,6,cover1_man_free,1,blitz,1,1.0,0.41,-0.08,man_pressure
Rhinos,rhinos_synth_253,2,medium,midfield,left,11,gun_1rb_2x2_spread_te_off,nickel_425,even_over,6,cover3_buzz_field,0,none,1,1.0,0.46,0.00,run_fit
Rhinos,rhinos_synth_254,2,medium,midfield,middle,11,gun_1rb_2x2_spread_te_on,nickel_335,odd_mint,6,cover4_poach_trips,0,stem,1,1.0,0.43,-0.04,match_coverage
Rhinos,rhinos_synth_255,2,medium,midfield,right,11,gun_1rb_3x1_spread_te_off,nickel_425,even_4,6,cover4_quarters,0,none,1,1.0,0.46,-0.02,checkdown_allowed
Rhinos,rhinos_synth_256,2,medium,midfield,left,11,gun_1rb_3x1_spread_te_on,nickel_425,even_over,6,cover1_man_free,1,sim_pressure,1,1.0,0.42,-0.05,man_pressure
Rhinos,rhinos_synth_257,2,medium,midfield,middle,11,gun_1rb_3x1_bunch_te_on,nickel_335,odd_mint,6,cover3_buzz_field,0,stem,1,1.0,0.46,0.06,rpo_access
Rhinos,rhinos_synth_258,2,medium,midfield,right,11,gun_1rb_2x2_spread_te_off,nickel_425,even_4,6,cover4_poach_trips,0,none,1,1.0,0.43,-0.06,match_coverage
Rhinos,rhinos_synth_259,2,medium,midfield,left,11,gun_1rb_2x2_spread_te_on,nickel_335,even_over,6,cover4_quarters,0,none,1,1.0,0.46,-0.04,checkdown_allowed
Rhinos,rhinos_synth_260,2,medium,midfield,middle,11,gun_1rb_3x1_spread_te_off,nickel_335,odd_mint,6,cover1_man_free,1,sim_pressure,1,1.0,0.42,-0.06,man_pressure
Rhinos,rhinos_synth_261,2,medium,midfield,right,11,gun_1rb_3x1_spread_te_on,nickel_425,even_4,6,cover3_buzz_field,0,none,1,1.0,0.46,0.04,run_fit
Rhinos,rhinos_synth_262,2,medium,midfield,left,11,gun_1rb_3x1_bunch_te_on,nickel_425,even_over,6,cover4_poach_trips,0,stem,1,1.0,0.43,0.00,match_coverage
Rhinos,rhinos_synth_263,2,medium,midfield,middle,11,gun_1rb_2x2_spread_te_off,nickel_335,odd_mint,6,cover4_quarters,0,none,1,1.0,0.46,-0.05,checkdown_allowed
Rhinos,rhinos_synth_264,2,medium,midfield,right,11,gun_1rb_2x2_spread_te_on,nickel_425,even_4,6,cover1_man_free,1,blitz,1,1.0,0.41,-0.08,man_pressure
Rhinos,rhinos_synth_265,2,medium,red_zone,left,10,gun_1rb_2x2_spread_no_te,nickel_425,even_over,7,cover1_robber_strong,1,blitz,1,1.0,0.32,-0.14,redzone_pressure
Rhinos,rhinos_synth_266,2,medium,red_zone,middle,10,gun_1rb_3x1_spread_no_te,nickel_335,odd_mint,7,cover1_man_free,1,stem,1,1.0,0.35,-0.12,match_coverage
Rhinos,rhinos_synth_267,2,medium,red_zone,right,10,gun_1rb_3x1_spread_y_middle,nickel_425,even_4,7,cover1_robber_strong,1,blitz,1,1.0,0.34,-0.11,match_coverage
Rhinos,rhinos_synth_268,2,medium,red_zone,left,10,gun_1rb_2x2_spread_no_te,nickel_425,even_over,7,cover1_man_free,2,sim_pressure,1,1.0,0.35,-0.12,redzone_pressure
Rhinos,rhinos_synth_269,2,medium,red_zone,middle,10,gun_1rb_3x1_spread_no_te,nickel_335,odd_mint,7,cover1_robber_strong,1,stem,1,1.0,0.33,-0.06,rpo_access
Rhinos,rhinos_synth_270,2,medium,red_zone,right,10,gun_1rb_3x1_spread_y_middle,nickel_425,even_4,7,cover1_man_free,1,blitz,1,1.0,0.34,-0.15,checkdown_allowed
Rhinos,rhinos_synth_271,2,medium,red_zone,left,10,gun_1rb_2x2_spread_no_te,nickel_335,even_over,7,cover1_robber_strong,1,blitz,1,1.0,0.34,-0.12,match_coverage
Rhinos,rhinos_synth_272,2,medium,red_zone,middle,10,gun_1rb_3x1_spread_no_te,nickel_335,odd_mint,7,cover1_man_free,2,sim_pressure,1,1.0,0.35,-0.13,redzone_pressure
Rhinos,rhinos_synth_273,2,medium,red_zone,right,10,gun_1rb_3x1_spread_y_middle,nickel_425,even_4,7,cover1_robber_strong,1,blitz,1,1.0,0.32,-0.09,redzone_pressure
Rhinos,rhinos_synth_274,2,medium,red_zone,left,10,gun_1rb_2x2_spread_no_te,nickel_425,even_over,7,cover1_man_free,1,stem,1,1.0,0.35,-0.07,match_coverage
Rhinos,rhinos_synth_275,2,medium,red_zone,middle,10,gun_1rb_3x1_spread_no_te,nickel_335,odd_mint,7,cover1_robber_strong,1,blitz,1,1.0,0.34,-0.14,checkdown_allowed
Rhinos,rhinos_synth_276,2,medium,red_zone,right,10,gun_1rb_3x1_spread_y_middle,nickel_425,even_4,7,cover1_man_free,2,blitz,1,1.0,0.34,-0.15,redzone_pressure
Rhinos,rhinos_synth_277,2,medium,red_zone,left,11,gun_1rb_2x2_spread_te_off,nickel_425,even_over,7,cover1_robber_strong,1,blitz,1,1.0,0.32,-0.14,redzone_pressure
Rhinos,rhinos_synth_278,2,medium,red_zone,middle,11,gun_1rb_2x2_spread_te_on,nickel_335,odd_mint,7,cover1_man_free,1,stem,1,1.0,0.35,-0.12,match_coverage
Rhinos,rhinos_synth_279,2,medium,red_zone,right,11,gun_1rb_3x1_spread_te_off,nickel_425,even_4,7,cover1_robber_strong,1,blitz,1,1.0,0.34,-0.11,checkdown_allowed
Rhinos,rhinos_synth_280,2,medium,red_zone,left,11,gun_1rb_3x1_spread_te_on,nickel_425,even_over,7,cover1_man_free,2,sim_pressure,1,1.0,0.35,-0.12,redzone_pressure
Rhinos,rhinos_synth_281,2,medium,red_zone,middle,11,gun_1rb_3x1_bunch_te_on,nickel_335,odd_mint,7,cover1_robber_strong,1,stem,1,1.0,0.33,-0.06,rpo_access
Rhinos,rhinos_synth_282,2,medium,red_zone,right,11,gun_1rb_2x2_spread_te_off,nickel_425,even_4,7,cover1_man_free,1,blitz,1,1.0,0.34,-0.15,match_coverage
Rhinos,rhinos_synth_283,2,medium,red_zone,left,11,gun_1rb_2x2_spread_te_on,nickel_335,even_over,7,cover1_robber_strong,1,blitz,1,1.0,0.34,-0.12,checkdown_allowed
Rhinos,rhinos_synth_284,2,medium,red_zone,middle,11,gun_1rb_3x1_spread_te_off,nickel_335,odd_mint,7,cover1_man_free,2,sim_pressure,1,1.0,0.35,-0.13,redzone_pressure
Rhinos,rhinos_synth_285,2,medium,red_zone,right,11,gun_1rb_3x1_spread_te_on,nickel_425,even_4,7,cover1_robber_strong,1,blitz,1,1.0,0.32,-0.09,redzone_pressure
Rhinos,rhinos_synth_286,2,medium,red_zone,left,11,gun_1rb_3x1_bunch_te_on,nickel_425,even_over,7,cover1_man_free,1,stem,1,1.0,0.35,-0.07,match_coverage
Rhinos,rhinos_synth_287,2,medium,red_zone,middle,11,gun_1rb_2x2_spread_te_off,nickel_335,odd_mint,7,cover1_robber_strong,1,blitz,1,1.0,0.34,-0.14,checkdown_allowed
Rhinos,rhinos_synth_288,2,medium,red_zone,right,11,gun_1rb_2x2_spread_te_on,nickel_425,even_4,7,cover1_man_free,2,blitz,1,1.0,0.34,-0.15,redzone_pressure
Rhinos,rhinos_synth_289,2,long,open_field,left,10,gun_1rb_2x2_spread_no_te,nickel_425,even_4,5,cover4_quarters,0,none,1,1.0,0.45,-0.04,conservative_coverage
Rhinos,rhinos_synth_290,2,long,open_field,middle,10,gun_1rb_3x1_spread_no_te,nickel_335,odd_mint,5,cover2_trap_field,0,sim_pressure,1,1.0,0.47,-0.00,trap_alert
Rhinos,rhinos_synth_291,2,long,open_field,right,10,gun_1rb_3x1_spread_y_middle,nickel_425,even_4,6,cover7_stubbie_trips,0,sim_pressure,1,1.0,0.45,-0.03,match_coverage
Rhinos,rhinos_synth_292,2,long,open_field,left,10,gun_1rb_2x2_spread_no_te,dime_326,odd_mint,5,cover3_buzz_field,1,sim_pressure,1,1.0,0.50,0.04,checkdown_allowed
Rhinos,rhinos_synth_293,2,long,open_field,middle,10,gun_1rb_3x1_spread_no_te,nickel_425,even_4,5,cover4_quarters,0,none,1,1.0,0.45,0.01,shot_allowed
Rhinos,rhinos_synth_294,2,long,open_field,right,10,gun_1rb_3x1_spread_y_middle,nickel_335,odd_mint,5,cover2_trap_field,0,sim_pressure,1,1.0,0.47,-0.02,trap_alert
Rhinos,rhinos_synth_295,2,long,open_field,left,10,gun_1rb_2x2_spread_no_te,dime_326,even_4,6,cover7_box_2x2,0,sim_pressure,1,1.0,0.46,-0.04,match_coverage
Rhinos,rhinos_synth_296,2,long,open_field,middle,10,gun_1rb_3x1_spread_no_te,dime_326,odd_mint,5,cover3_buzz_field,1,stem,1,1.0,0.51,0.04,checkdown_allowed
Rhinos,rhinos_synth_297,2,long,open_field,right,10,gun_1rb_3x1_spread_y_middle,nickel_425,even_4,5,cover4_quarters,0,none,1,1.0,0.45,-0.00,conservative_coverage
Rhinos,rhinos_synth_298,2,long,open_field,left,10,gun_1rb_2x2_spread_no_te,nickel_335,odd_mint,5,cover2_trap_field,0,sim_pressure,1,1.0,0.47,0.04,trap_alert
Rhinos,rhinos_synth_299,2,long,open_field,middle,10,gun_1rb_3x1_spread_no_te,dime_326,even_4,6,cover7_stubbie_trips,0,sim_pressure,1,1.0,0.45,-0.07,match_coverage
Rhinos,rhinos_synth_300,2,long,open_field,right,10,gun_1rb_3x1_spread_y_middle,nickel_335,odd_mint,5,cover3_buzz_field,1,sim_pressure,1,1.0,0.50,0.01,screen_allowed
Rhinos,rhinos_synth_301,2,long,open_field,left,11,gun_1rb_2x2_spread_te_off,nickel_425,even_4,5,cover4_quarters,0,none,1,1.0,0.45,-0.04,conservative_coverage
Rhinos,rhinos_synth_302,2,long,open_field,middle,11,gun_1rb_2x2_spread_te_on,nickel_335,odd_mint,5,cover2_trap_field,0,sim_pressure,1,1.0,0.47,-0.00,trap_alert
Rhinos,rhinos_synth_303,2,long,open_field,right,11,gun_1rb_3x1_spread_te_off,nickel_425,even_4,6,cover7_stubbie_trips,0,sim_pressure,1,1.0,0.45,-0.03,match_coverage
Rhinos,rhinos_synth_304,2,long,open_field,left,11,gun_1rb_3x1_spread_te_on,dime_326,odd_mint,5,cover3_buzz_field,1,sim_pressure,1,1.0,0.50,0.04,checkdown_allowed
Rhinos,rhinos_synth_305,2,long,open_field,middle,11,gun_1rb_3x1_bunch_te_on,nickel_425,even_4,5,cover4_quarters,0,none,1,1.0,0.45,0.01,shot_allowed
Rhinos,rhinos_synth_306,2,long,open_field,right,11,gun_1rb_2x2_spread_te_off,nickel_335,odd_mint,5,cover2_trap_field,0,sim_pressure,1,1.0,0.47,-0.02,trap_alert
Rhinos,rhinos_synth_307,2,long,open_field,left,11,gun_1rb_2x2_spread_te_on,dime_326,even_4,6,cover7_stubbie_trips,0,sim_pressure,1,1.0,0.45,-0.05,match_coverage
Rhinos,rhinos_synth_308,2,long,open_field,middle,11,gun_1rb_3x1_spread_te_off,dime_326,odd_mint,5,cover3_buzz_field,1,stem,1,1.0,0.51,0.04,checkdown_allowed
Rhinos,rhinos_synth_309,2,long,open_field,right,11,gun_1rb_3x1_spread_te_on,nickel_425,even_4,5,cover4_quarters,0,none,1,1.0,0.45,-0.00,conservative_coverage
Rhinos,rhinos_synth_310,2,long,open_field,left,11,gun_1rb_3x1_bunch_te_on,nickel_335,odd_mint,5,cover2_trap_field,0,sim_pressure,1,1.0,0.47,0.04,trap_alert
Rhinos,rhinos_synth_311,2,long,open_field,middle,11,gun_1rb_2x2_spread_te_off,dime_326,even_4,6,cover7_stubbie_trips,0,sim_pressure,1,1.0,0.45,-0.07,match_coverage
Rhinos,rhinos_synth_312,2,long,open_field,right,11,gun_1rb_2x2_spread_te_on,nickel_335,odd_mint,5,cover3_buzz_field,1,sim_pressure,1,1.0,0.50,0.01,screen_allowed
Rhinos,rhinos_synth_313,2,long,midfield,left,10,gun_1rb_2x2_spread_no_te,nickel_425,even_4,5,cover4_quarters,0,none,1,1.0,0.44,-0.06,conservative_coverage
Rhinos,rhinos_synth_314,2,long,midfield,middle,10,gun_1rb_3x1_spread_no_te,nickel_335,odd_mint,5,cover2_trap_field,0,sim_pressure,1,1.0,0.46,-0.01,trap_alert
Rhinos,rhinos_synth_315,2,long,midfield,right,10,gun_1rb_3x1_spread_y_middle,nickel_425,even_4,6,cover7_stubbie_trips,0,sim_pressure,1,1.0,0.44,-0.04,match_coverage
Rhinos,rhinos_synth_316,2,long,midfield,left,10,gun_1rb_2x2_spread_no_te,dime_326,odd_mint,5,cover3_buzz_field,1,sim_pressure,1,1.0,0.49,0.03,checkdown_allowed
Rhinos,rhinos_synth_317,2,long,midfield,middle,10,gun_1rb_3x1_spread_no_te,nickel_425,even_4,5,cover4_quarters,0,none,1,1.0,0.44,0.00,shot_allowed
Rhinos,rhinos_synth_318,2,long,midfield,right,10,gun_1rb_3x1_spread_y_middle,nickel_335,odd_mint,5,cover2_trap_field,0,sim_pressure,1,1.0,0.46,-0.03,trap_alert
Rhinos,rhinos_synth_319,2,long,midfield,left,10,gun_1rb_2x2_spread_no_te,dime_326,even_4,6,cover7_box_2x2,0,sim_pressure,1,1.0,0.45,-0.05,match_coverage
Rhinos,rhinos_synth_320,2,long,midfield,middle,10,gun_1rb_3x1_spread_no_te,dime_326,odd_mint,5,cover3_buzz_field,1,stem,1,1.0,0.50,0.03,checkdown_allowed
Rhinos,rhinos_synth_321,2,long,midfield,right,10,gun_1rb_3x1_spread_y_middle,nickel_425,even_4,5,cover4_quarters,0,none,1,1.0,0.44,-0.01,conservative_coverage
Rhinos,rhinos_synth_322,2,long,midfield,left,10,gun_1rb_2x2_spread_no_te,nickel_335,odd_mint,5,cover2_trap_field,0,sim_pressure,1,1.0,0.46,0.03,trap_alert
Rhinos,rhinos_synth_323,2,long,midfield,middle,10,gun_1rb_3x1_spread_no_te,dime_326,even_4,6,cover7_stubbie_trips,0,sim_pressure,1,1.0,0.44,-0.07,match_coverage
Rhinos,rhinos_synth_324,2,long,midfield,right,10,gun_1rb_3x1_spread_y_middle,nickel_335,odd_mint,5,cover3_buzz_field,1,sim_pressure,1,1.0,0.49,0.00,screen_allowed
Rhinos,rhinos_synth_325,2,long,midfield,left,11,gun_1rb_2x2_spread_te_off,nickel_425,even_4,5,cover4_quarters,0,none,1,1.0,0.44,-0.06,conservative_coverage
Rhinos,rhinos_synth_326,2,long,midfield,middle,11,gun_1rb_2x2_spread_te_on,nickel_335,odd_mint,5,cover2_trap_field,0,sim_pressure,1,1.0,0.46,-0.01,trap_alert
Rhinos,rhinos_synth_327,2,long,midfield,right,11,gun_1rb_3x1_spread_te_off,nickel_425,even_4,6,cover7_stubbie_trips,0,sim_pressure,1,1.0,0.44,-0.04,match_coverage
Rhinos,rhinos_synth_328,2,long,midfield,left,11,gun_1rb_3x1_spread_te_on,dime_326,odd_mint,5,cover3_buzz_field,1,sim_pressure,1,1.0,0.49,0.03,checkdown_allowed
Rhinos,rhinos_synth_329,2,long,midfield,middle,11,gun_1rb_3x1_bunch_te_on,nickel_425,even_4,5,cover4_quarters,0,none,1,1.0,0.44,0.00,shot_allowed
Rhinos,rhinos_synth_330,2,long,midfield,right,11,gun_1rb_2x2_spread_te_off,nickel_335,odd_mint,5,cover2_trap_field,0,sim_pressure,1,1.0,0.46,-0.03,trap_alert
Rhinos,rhinos_synth_331,2,long,midfield,left,11,gun_1rb_2x2_spread_te_on,dime_326,even_4,6,cover7_stubbie_trips,0,sim_pressure,1,1.0,0.44,-0.06,match_coverage
Rhinos,rhinos_synth_332,2,long,midfield,middle,11,gun_1rb_3x1_spread_te_off,dime_326,odd_mint,5,cover3_buzz_field,1,stem,1,1.0,0.50,0.03,checkdown_allowed
Rhinos,rhinos_synth_333,2,long,midfield,right,11,gun_1rb_3x1_spread_te_on,nickel_425,even_4,5,cover4_quarters,0,none,1,1.0,0.44,-0.01,conservative_coverage
Rhinos,rhinos_synth_334,2,long,midfield,left,11,gun_1rb_3x1_bunch_te_on,nickel_335,odd_mint,5,cover2_trap_field,0,sim_pressure,1,1.0,0.46,0.03,trap_alert
Rhinos,rhinos_synth_335,2,long,midfield,middle,11,gun_1rb_2x2_spread_te_off,dime_326,even_4,6,cover7_stubbie_trips,0,sim_pressure,1,1.0,0.44,-0.07,match_coverage
Rhinos,rhinos_synth_336,2,long,midfield,right,11,gun_1rb_2x2_spread_te_on,nickel_335,odd_mint,5,cover3_buzz_field,1,sim_pressure,1,1.0,0.49,0.00,screen_allowed
Rhinos,rhinos_synth_337,2,long,red_zone,left,10,gun_1rb_2x2_spread_no_te,nickel_425,even_4,5,cover1_robber_strong,0,none,1,1.0,0.38,-0.10,conservative_coverage
Rhinos,rhinos_synth_338,2,long,red_zone,middle,10,gun_1rb_3x1_spread_no_te,nickel_335,odd_mint,5,cover1_man_free,0,sim_pressure,1,1.0,0.39,-0.10,trap_alert
Rhinos,rhinos_synth_339,2,long,red_zone,right,10,gun_1rb_3x1_spread_y_middle,nickel_425,even_4,6,cover1_robber_strong,0,sim_pressure,1,1.0,0.38,-0.09,match_coverage
Rhinos,rhinos_synth_340,2,long,red_zone,left,10,gun_1rb_2x2_spread_no_te,dime_326,odd_mint,5,cover1_robber_strong,1,sim_pressure,1,1.0,0.40,-0.06,checkdown_allowed
Rhinos,rhinos_synth_341,2,long,red_zone,middle,10,gun_1rb_3x1_spread_no_te,nickel_425,even_4,5,cover1_robber_strong,0,none,1,1.0,0.38,-0.04,shot_allowed
Rhinos,rhinos_synth_342,2,long,red_zone,right,10,gun_1rb_3x1_spread_y_middle,nickel_335,odd_mint,5,cover1_man_free,0,sim_pressure,1,1.0,0.39,-0.12,trap_alert
Rhinos,rhinos_synth_343,2,long,red_zone,left,10,gun_1rb_2x2_spread_no_te,dime_326,even_4,6,cover1_robber_strong,0,sim_pressure,1,1.0,0.38,-0.10,match_coverage
Rhinos,rhinos_synth_344,2,long,red_zone,middle,10,gun_1rb_3x1_spread_no_te,dime_326,odd_mint,5,cover1_robber_strong,1,stem,1,1.0,0.41,-0.07,checkdown_allowed
Rhinos,rhinos_synth_345,2,long,red_zone,right,10,gun_1rb_3x1_spread_y_middle,nickel_425,even_4,5,cover1_robber_strong,0,none,1,1.0,0.38,-0.05,conservative_coverage
Rhinos,rhinos_synth_346,2,long,red_zone,left,10,gun_1rb_2x2_spread_no_te,nickel_335,odd_mint,5,cover1_man_free,0,sim_pressure,1,1.0,0.39,-0.06,trap_alert
Rhinos,rhinos_synth_347,2,long,red_zone,middle,10,gun_1rb_3x1_spread_no_te,dime_326,even_4,6,cover1_robber_strong,0,sim_pressure,1,1.0,0.38,-0.12,match_coverage
Rhinos,rhinos_synth_348,2,long,red_zone,right,10,gun_1rb_3x1_spread_y_middle,nickel_335,odd_mint,5,cover1_robber_strong,1,sim_pressure,1,1.0,0.40,-0.09,screen_allowed
Rhinos,rhinos_synth_349,2,long,red_zone,left,11,gun_1rb_2x2_spread_te_off,nickel_425,even_4,5,cover1_robber_strong,0,none,1,1.0,0.38,-0.10,conservative_coverage
Rhinos,rhinos_synth_350,2,long,red_zone,middle,11,gun_1rb_2x2_spread_te_on,nickel_335,odd_mint,5,cover1_man_free,0,sim_pressure,1,1.0,0.39,-0.10,trap_alert
Rhinos,rhinos_synth_351,2,long,red_zone,right,11,gun_1rb_3x1_spread_te_off,nickel_425,even_4,6,cover1_robber_strong,0,sim_pressure,1,1.0,0.38,-0.09,match_coverage
Rhinos,rhinos_synth_352,2,long,red_zone,left,11,gun_1rb_3x1_spread_te_on,dime_326,odd_mint,5,cover1_robber_strong,1,sim_pressure,1,1.0,0.40,-0.06,checkdown_allowed
Rhinos,rhinos_synth_353,2,long,red_zone,middle,11,gun_1rb_3x1_bunch_te_on,nickel_425,even_4,5,cover1_robber_strong,0,none,1,1.0,0.38,-0.04,shot_allowed
Rhinos,rhinos_synth_354,2,long,red_zone,right,11,gun_1rb_2x2_spread_te_off,nickel_335,odd_mint,5,cover1_man_free,0,sim_pressure,1,1.0,0.39,-0.12,trap_alert
Rhinos,rhinos_synth_355,2,long,red_zone,left,11,gun_1rb_2x2_spread_te_on,dime_326,even_4,6,cover1_robber_strong,0,sim_pressure,1,1.0,0.38,-0.10,match_coverage
Rhinos,rhinos_synth_356,2,long,red_zone,middle,11,gun_1rb_3x1_spread_te_off,dime_326,odd_mint,5,cover1_robber_strong,1,stem,1,1.0,0.41,-0.07,checkdown_allowed
Rhinos,rhinos_synth_357,2,long,red_zone,right,11,gun_1rb_3x1_spread_te_on,nickel_425,even_4,5,cover1_robber_strong,0,none,1,1.0,0.38,-0.05,conservative_coverage
Rhinos,rhinos_synth_358,2,long,red_zone,left,11,gun_1rb_3x1_bunch_te_on,nickel_335,odd_mint,5,cover1_man_free,0,sim_pressure,1,1.0,0.39,-0.06,trap_alert
Rhinos,rhinos_synth_359,2,long,red_zone,middle,11,gun_1rb_2x2_spread_te_off,dime_326,even_4,6,cover1_robber_strong,0,sim_pressure,1,1.0,0.38,-0.12,match_coverage
Rhinos,rhinos_synth_360,2,long,red_zone,right,11,gun_1rb_2x2_spread_te_on,nickel_335,odd_mint,5,cover1_robber_strong,1,sim_pressure,1,1.0,0.40,-0.09,screen_allowed
Rhinos,rhinos_synth_361,3,short,open_field,left,10,gun_1rb_2x2_spread_no_te,base_43,bear,8,cover3_buzz_field,3,blitz,1,1.0,0.42,-0.04,man_pressure
Rhinos,rhinos_synth_362,3,short,open_field,middle,10,gun_1rb_3x1_spread_no_te,base_34,odd_tite,7,cover3_sky_field,2,blitz,1,1.0,0.45,-0.01,heavy_box
Rhinos,rhinos_synth_363,3,short,open_field,right,10,gun_1rb_3x1_spread_y_middle,nickel_335,odd_5,7,cover1_robber_strong,2,sim_pressure,1,1.0,0.38,-0.08,man_pressure
Rhinos,rhinos_synth_364,3,short,open_field,left,10,gun_1rb_2x2_spread_no_te,base_43,bear,8,cover3_buzz_field,3,blitz,1,1.0,0.45,-0.00,heavy_box
Rhinos,rhinos_synth_365,3,short,open_field,middle,10,gun_1rb_3x1_spread_no_te,base_34,odd_tite,7,cover3_sky_field,2,blitz,1,1.0,0.44,0.04,run_fit
Rhinos,rhinos_synth_366,3,short,open_field,right,10,gun_1rb_3x1_spread_y_middle,nickel_335,odd_5,8,cover1_robber_strong,2,sim_pressure,1,1.0,0.36,-0.11,man_pressure
Rhinos,rhinos_synth_367,3,short,open_field,left,10,gun_1rb_2x2_spread_no_te,base_43,bear,8,cover3_buzz_field,3,blitz,1,1.0,0.44,-0.03,heavy_box
Rhinos,rhinos_synth_368,3,short,open_field,middle,10,gun_1rb_3x1_spread_no_te,base_34,odd_tite,7,cover3_sky_field,2,blitz,1,1.0,0.47,0.01,man_pressure
Rhinos,rhinos_synth_369,3,short,open_field,right,10,gun_1rb_3x1_spread_y_middle,nickel_335,odd_5,7,cover1_robber_strong,2,sim_pressure,1,1.0,0.35,-0.07,run_fit
Rhinos,rhinos_synth_370,3,short,open_field,left,10,gun_1rb_2x2_spread_no_te,base_43,bear,8,cover3_buzz_field,3,blitz,1,1.0,0.43,0.01,man_pressure
Rhinos,rhinos_synth_371,3,short,open_field,middle,10,gun_1rb_3x1_spread_no_te,base_34,odd_tite,7,cover3_sky_field,2,blitz,1,1.0,0.46,-0.02,heavy_box
Rhinos,rhinos_synth_372,3,short,open_field,right,10,gun_1rb_3x1_spread_y_middle,nickel_335,odd_5,8,cover1_robber_strong,3,blitz,1,1.0,0.38,-0.10,man_pressure
Rhinos,rhinos_synth_373,3,short,open_field,left,11,gun_1rb_2x2_spread_te_off,base_43,bear,8,cover3_buzz_field,3,blitz,1,1.0,0.42,-0.04,man_pressure
Rhinos,rhinos_synth_374,3,short,open_field,middle,11,gun_1rb_2x2_spread_te_on,base_34,odd_tite,7,cover3_sky_field,2,blitz,1,1.0,0.45,-0.01,heavy_box
Rhinos,rhinos_synth_375,3,short,open_field,right,11,gun_1rb_3x1_spread_te_off,nickel_335,odd_5,7,cover1_robber_strong,2,sim_pressure,1,1.0,0.38,-0.08,man_pressure
Rhinos,rhinos_synth_376,3,short,open_field,left,11,gun_1rb_3x1_spread_te_on,base_43,bear,8,cover3_buzz_field,3,blitz,1,1.0,0.45,-0.00,heavy_box
Rhinos,rhinos_synth_377,3,short,open_field,middle,11,gun_1rb_3x1_bunch_te_on,base_34,odd_tite,7,cover3_sky_field,2,blitz,1,1.0,0.44,0.04,run_fit
Rhinos,rhinos_synth_378,3,short,open_field,right,11,gun_1rb_2x2_spread_te_off,nickel_335,odd_5,8,cover1_robber_strong,2,sim_pressure,1,1.0,0.36,-0.11,man_pressure
Rhinos,rhinos_synth_379,3,short,open_field,left,11,gun_1rb_2x2_spread_te_on,base_43,bear,8,cover3_buzz_field,3,blitz,1,1.0,0.44,-0.03,heavy_box
Rhinos,rhinos_synth_380,3,short,open_field,middle,11,gun_1rb_3x1_spread_te_off,base_34,odd_tite,7,cover3_sky_field,2,blitz,1,1.0,0.47,0.01,man_pressure
Rhinos,rhinos_synth_381,3,short,open_field,right,11,gun_1rb_3x1_spread_te_on,nickel_335,odd_5,7,cover1_robber_strong,2,sim_pressure,1,1.0,0.35,-0.07,run_fit
Rhinos,rhinos_synth_382,3,short,open_field,left,11,gun_1rb_3x1_bunch_te_on,base_43,bear,8,cover3_buzz_field,3,blitz,1,1.0,0.43,0.01,man_pressure
Rhinos,rhinos_synth_383,3,short,open_field,middle,11,gun_1rb_2x2_spread_te_off,base_34,odd_tite,7,cover3_sky_field,2,blitz,1,1.0,0.46,-0.02,heavy_box
Rhinos,rhinos_synth_384,3,short,open_field,right,11,gun_1rb_2x2_spread_te_on,nickel_335,odd_5,8,cover1_robber_strong,3,blitz,1,1.0,0.38,-0.10,man_pressure
Rhinos,rhinos_synth_385,3,short,midfield,left,10,gun_1rb_2x2_spread_no_te,base_43,bear,8,cover0_pressure,3,blitz,1,1.0,0.31,-0.18,man_pressure
Rhinos,rhinos_synth_386,3,short,midfield,middle,10,gun_1rb_3x1_spread_no_te,base_34,odd_tite,7,cover1_man_free,2,blitz,1,1.0,0.36,-0.12,heavy_box
Rhinos,rhinos_synth_387,3,short,midfield,right,10,gun_1rb_3x1_spread_y_middle,nickel_335,odd_5,7,cover1_robber_strong,2,sim_pressure,1,1.0,0.37,-0.09,man_pressure
Rhinos,rhinos_synth_388,3,short,midfield,left,10,gun_1rb_2x2_spread_no_te,base_43,bear,8,cover0_pressure,3,blitz,1,1.0,0.34,-0.14,heavy_box
Rhinos,rhinos_synth_389,3,short,midfield,middle,10,gun_1rb_3x1_spread_no_te,base_34,odd_tite,7,cover1_man_free,2,blitz,1,1.0,0.35,-0.08,run_fit
Rhinos,rhinos_synth_390,3,short,midfield,right,10,gun_1rb_3x1_spread_y_middle,nickel_335,odd_5,8,cover1_robber_strong,2,sim_pressure,1,1.0,0.35,-0.12,man_pressure
Rhinos,rhinos_synth_391,3,short,midfield,left,10,gun_1rb_2x2_spread_no_te,base_43,bear,8,cover0_pressure,3,blitz,1,1.0,0.33,-0.17,heavy_box
Rhinos,rhinos_synth_392,3,short,midfield,middle,10,gun_1rb_3x1_spread_no_te,base_34,odd_tite,7,cover1_man_free,2,blitz,1,1.0,0.38,-0.11,man_pressure
Rhinos,rhinos_synth_393,3,short,midfield,right,10,gun_1rb_3x1_spread_y_middle,nickel_335,odd_5,7,cover1_robber_strong,2,sim_pressure,1,1.0,0.34,-0.08,run_fit
Rhinos,rhinos_synth_394,3,short,midfield,left,10,gun_1rb_2x2_spread_no_te,base_43,bear,8,cover0_pressure,3,blitz,1,1.0,0.32,-0.12,man_pressure
Rhinos,rhinos_synth_395,3,short,midfield,middle,10,gun_1rb_3x1_spread_no_te,base_34,odd_tite,7,cover1_man_free,2,blitz,1,1.0,0.37,-0.14,heavy_box
Rhinos,rhinos_synth_396,3,short,midfield,right,10,gun_1rb_3x1_spread_y_middle,nickel_335,odd_5,8,cover1_robber_strong,3,blitz,1,1.0,0.37,-0.11,man_pressure
Rhinos,rhinos_synth_397,3,short,midfield,left,11,gun_1rb_2x2_spread_te_off,base_43,bear,8,cover0_pressure,3,blitz,1,1.0,0.31,-0.18,man_pressure
Rhinos,rhinos_synth_398,3,short,midfield,middle,11,gun_1rb_2x2_spread_te_on,base_34,odd_tite,7,cover1_man_free,2,blitz,1,1.0,0.36,-0.12,heavy_box
Rhinos,rhinos_synth_399,3,short,midfield,right,11,gun_1rb_3x1_spread_te_off,nickel_335,odd_5,7,cover1_robber_strong,2,sim_pressure,1,1.0,0.37,-0.09,man_pressure
Rhinos,rhinos_synth_400,3,short,midfield,left,11,gun_1rb_3x1_spread_te_on,base_43,bear,8,cover0_pressure,3,blitz,1,1.0,0.34,-0.14,heavy_box
Rhinos,rhinos_synth_401,3,short,midfield,middle,11,gun_1rb_3x1_bunch_te_on,base_34,odd_tite,7,cover1_man_free,2,blitz,1,1.0,0.35,-0.08,run_fit
Rhinos,rhinos_synth_402,3,short,midfield,right,11,gun_1rb_2x2_spread_te_off,nickel_335,odd_5,8,cover1_robber_strong,2,sim_pressure,1,1.0,0.35,-0.12,man_pressure
Rhinos,rhinos_synth_403,3,short,midfield,left,11,gun_1rb_2x2_spread_te_on,base_43,bear,8,cover0_pressure,3,blitz,1,1.0,0.33,-0.17,heavy_box
Rhinos,rhinos_synth_404,3,short,midfield,middle,11,gun_1rb_3x1_spread_te_off,base_34,odd_tite,7,cover1_man_free,2,blitz,1,1.0,0.38,-0.11,man_pressure
Rhinos,rhinos_synth_405,3,short,midfield,right,11,gun_1rb_3x1_spread_te_on,nickel_335,odd_5,7,cover1_robber_strong,2,sim_pressure,1,1.0,0.34,-0.08,run_fit
Rhinos,rhinos_synth_406,3,short,midfield,left,11,gun_1rb_3x1_bunch_te_on,base_43,bear,8,cover0_pressure,3,blitz,1,1.0,0.32,-0.12,man_pressure
Rhinos,rhinos_synth_407,3,short,midfield,middle,11,gun_1rb_2x2_spread_te_off,base_34,odd_tite,7,cover1_man_free,2,blitz,1,1.0,0.37,-0.14,heavy_box
Rhinos,rhinos_synth_408,3,short,midfield,right,11,gun_1rb_2x2_spread_te_on,nickel_335,odd_5,8,cover1_robber_strong,3,blitz,1,1.0,0.37,-0.11,man_pressure
Rhinos,rhinos_synth_409,3,short,red_zone,left,10,gun_1rb_2x2_spread_no_te,base_43,bear,8,cover0_pressure,3,blitz,1,1.0,0.29,-0.20,redzone_pressure
Rhinos,rhinos_synth_410,3,short,red_zone,middle,10,gun_1rb_3x1_spread_no_te,base_34,odd_tite,8,cover1_man_free,3,blitz,1,1.0,0.34,-0.14,redzone_pressure
Rhinos,rhinos_synth_411,3,short,red_zone,right,10,gun_1rb_3x1_spread_y_middle,nickel_335,odd_5,8,cover1_robber_strong,3,sim_pressure,1,1.0,0.35,-0.11,redzone_pressure
Rhinos,rhinos_synth_412,3,short,red_zone,left,10,gun_1rb_2x2_spread_no_te,base_43,bear,8,cover0_pressure,3,blitz,1,1.0,0.32,-0.16,redzone_pressure
Rhinos,rhinos_synth_413,3,short,red_zone,middle,10,gun_1rb_3x1_spread_no_te,base_34,odd_tite,8,cover1_man_free,3,blitz,1,1.0,0.33,-0.10,redzone_pressure
Rhinos,rhinos_synth_414,3,short,red_zone,right,10,gun_1rb_3x1_spread_y_middle,nickel_335,odd_5,8,cover1_robber_strong,3,sim_pressure,1,1.0,0.33,-0.14,redzone_pressure
Rhinos,rhinos_synth_415,3,short,red_zone,left,10,gun_1rb_2x2_spread_no_te,base_43,bear,8,cover0_pressure,3,blitz,1,1.0,0.31,-0.19,redzone_pressure
Rhinos,rhinos_synth_416,3,short,red_zone,middle,10,gun_1rb_3x1_spread_no_te,base_34,odd_tite,8,cover1_man_free,3,blitz,1,1.0,0.36,-0.12,redzone_pressure
Rhinos,rhinos_synth_417,3,short,red_zone,right,10,gun_1rb_3x1_spread_y_middle,nickel_335,odd_5,8,cover1_robber_strong,3,sim_pressure,1,1.0,0.32,-0.10,redzone_pressure
Rhinos,rhinos_synth_418,3,short,red_zone,left,10,gun_1rb_2x2_spread_no_te,base_43,bear,8,cover0_pressure,3,blitz,1,1.0,0.30,-0.14,redzone_pressure
Rhinos,rhinos_synth_419,3,short,red_zone,middle,10,gun_1rb_3x1_spread_no_te,base_34,odd_tite,8,cover1_man_free,3,blitz,1,1.0,0.35,-0.15,redzone_pressure
Rhinos,rhinos_synth_420,3,short,red_zone,right,10,gun_1rb_3x1_spread_y_middle,nickel_335,odd_5,8,cover1_robber_strong,3,blitz,1,1.0,0.35,-0.13,redzone_pressure
Rhinos,rhinos_synth_421,3,short,red_zone,left,11,gun_1rb_2x2_spread_te_off,base_43,bear,8,cover0_pressure,3,blitz,1,1.0,0.29,-0.20,redzone_pressure
Rhinos,rhinos_synth_422,3,short,red_zone,middle,11,gun_1rb_2x2_spread_te_on,base_34,odd_tite,8,cover1_man_free,3,blitz,1,1.0,0.34,-0.14,redzone_pressure
Rhinos,rhinos_synth_423,3,short,red_zone,right,11,gun_1rb_3x1_spread_te_off,nickel_335,odd_5,8,cover1_robber_strong,3,sim_pressure,1,1.0,0.35,-0.11,redzone_pressure
Rhinos,rhinos_synth_424,3,short,red_zone,left,11,gun_1rb_3x1_spread_te_on,base_43,bear,8,cover0_pressure,3,blitz,1,1.0,0.32,-0.16,redzone_pressure
Rhinos,rhinos_synth_425,3,short,red_zone,middle,11,gun_1rb_3x1_bunch_te_on,base_34,odd_tite,8,cover1_man_free,3,blitz,1,1.0,0.33,-0.10,redzone_pressure
Rhinos,rhinos_synth_426,3,short,red_zone,right,11,gun_1rb_2x2_spread_te_off,nickel_335,odd_5,8,cover1_robber_strong,3,sim_pressure,1,1.0,0.33,-0.14,redzone_pressure
Rhinos,rhinos_synth_427,3,short,red_zone,left,11,gun_1rb_2x2_spread_te_on,base_43,bear,8,cover0_pressure,3,blitz,1,1.0,0.31,-0.19,redzone_pressure
Rhinos,rhinos_synth_428,3,short,red_zone,middle,11,gun_1rb_3x1_spread_te_off,base_34,odd_tite,8,cover1_man_free,3,blitz,1,1.0,0.36,-0.12,redzone_pressure
Rhinos,rhinos_synth_429,3,short,red_zone,right,11,gun_1rb_3x1_spread_te_on,nickel_335,odd_5,8,cover1_robber_strong,3,sim_pressure,1,1.0,0.32,-0.10,redzone_pressure
Rhinos,rhinos_synth_430,3,short,red_zone,left,11,gun_1rb_3x1_bunch_te_on,base_43,bear,8,cover0_pressure,3,blitz,1,1.0,0.30,-0.14,redzone_pressure
Rhinos,rhinos_synth_431,3,short,red_zone,middle,11,gun_1rb_2x2_spread_te_off,base_34,odd_tite,8,cover1_man_free,3,blitz,1,1.0,0.35,-0.15,redzone_pressure
Rhinos,rhinos_synth_432,3,short,red_zone,right,11,gun_1rb_2x2_spread_te_on,nickel_335,odd_5,8,cover1_robber_strong,3,blitz,1,1.0,0.35,-0.13,redzone_pressure
Rhinos,rhinos_synth_433,3,medium,open_field,left,10,gun_1rb_2x2_spread_no_te,nickel_425,even_over,5,cover3_sky_field,1,sim_pressure,1,1.0,0.49,0.03,man_pressure
Rhinos,rhinos_synth_434,3,medium,open_field,middle,10,gun_1rb_3x1_spread_no_te,nickel_335,odd_mint,6,cover3_buzz_field,1,sim_pressure,1,1.0,0.46,0.01,man_pressure
Rhinos,rhinos_synth_435,3,medium,open_field,right,10,gun_1rb_3x1_spread_y_middle,nickel_335,bear,6,cover7_box_2x2,1,stem,1,1.0,0.47,0.00,match_coverage
Rhinos,rhinos_synth_436,3,medium,open_field,left,10,gun_1rb_2x2_spread_no_te,nickel_425,even_over,5,cover7_box_2x2,1,sim_pressure,1,1.0,0.49,0.01,match_coverage
Rhinos,rhinos_synth_437,3,medium,open_field,middle,10,gun_1rb_3x1_spread_no_te,nickel_335,odd_mint,5,cover3_sky_field,1,sim_pressure,1,1.0,0.49,0.09,man_pressure
Rhinos,rhinos_synth_438,3,medium,open_field,right,10,gun_1rb_3x1_spread_y_middle,nickel_335,bear,6,cover3_buzz_field,1,sim_pressure,1,1.0,0.46,0.00,man_pressure
Rhinos,rhinos_synth_439,3,medium,open_field,left,10,gun_1rb_2x2_spread_no_te,nickel_425,even_over,5,cover7_box_2x2,1,stem,1,1.0,0.49,-0.00,checkdown_allowed
Rhinos,rhinos_synth_440,3,medium,open_field,middle,10,gun_1rb_3x1_spread_no_te,nickel_335,odd_mint,6,cover7_stubbie_trips,1,sim_pressure,1,1.0,0.46,-0.02,match_coverage
Rhinos,rhinos_synth_441,3,medium,open_field,right,10,gun_1rb_3x1_spread_y_middle,nickel_335,bear,6,cover3_buzz_field,2,sim_pressure,1,1.0,0.43,0.02,man_pressure
Rhinos,rhinos_synth_442,3,medium,open_field,left,10,gun_1rb_2x2_spread_no_te,nickel_425,even_over,5,cover3_sky_field,1,sim_pressure,1,1.0,0.50,0.09,screen_allowed
Rhinos,rhinos_synth_443,3,medium,open_field,middle,10,gun_1rb_3x1_spread_no_te,nickel_335,odd_mint,6,cover3_buzz_field,1,stem,1,1.0,0.49,0.01,man_pressure
Rhinos,rhinos_synth_444,3,medium,open_field,right,10,gun_1rb_3x1_spread_y_middle,nickel_335,bear,6,cover7_box_2x2,1,sim_pressure,1,1.0,0.47,-0.03,match_coverage
Rhinos,rhinos_synth_445,3,medium,open_field,left,11,gun_1rb_2x2_spread_te_off,nickel_425,even_over,5,cover3_sky_field,1,sim_pressure,1,1.0,0.49,0.03,man_pressure
Rhinos,rhinos_synth_446,3,medium,open_field,middle,11,gun_1rb_2x2_spread_te_on,nickel_335,odd_mint,6,cover3_buzz_field,1,sim_pressure,1,1.0,0.46,0.01,man_pressure
Rhinos,rhinos_synth_447,3,medium,open_field,right,11,gun_1rb_3x1_spread_te_off,nickel_335,bear,6,cover7_stubbie_trips,1,stem,1,1.0,0.46,-0.01,match_coverage
Rhinos,rhinos_synth_448,3,medium,open_field,left,11,gun_1rb_3x1_spread_te_on,nickel_425,even_over,5,cover7_stubbie_trips,1,sim_pressure,1,1.0,0.48,0.00,match_coverage
Rhinos,rhinos_synth_449,3,medium,open_field,middle,11,gun_1rb_3x1_bunch_te_on,nickel_335,odd_mint,5,cover3_sky_field,1,sim_pressure,1,1.0,0.49,0.09,man_pressure
Rhinos,rhinos_synth_450,3,medium,open_field,right,11,gun_1rb_2x2_spread_te_off,nickel_335,bear,6,cover3_buzz_field,1,sim_pressure,1,1.0,0.46,0.00,man_pressure
Rhinos,rhinos_synth_451,3,medium,open_field,left,11,gun_1rb_2x2_spread_te_on,nickel_425,even_over,5,cover7_stubbie_trips,1,stem,1,1.0,0.48,-0.01,checkdown_allowed
Rhinos,rhinos_synth_452,3,medium,open_field,middle,11,gun_1rb_3x1_spread_te_off,nickel_335,odd_mint,6,cover7_stubbie_trips,1,sim_pressure,1,1.0,0.46,-0.02,match_coverage
Rhinos,rhinos_synth_453,3,medium,open_field,right,11,gun_1rb_3x1_spread_te_on,nickel_335,bear,6,cover3_buzz_field,2,sim_pressure,1,1.0,0.43,0.02,man_pressure
Rhinos,rhinos_synth_454,3,medium,open_field,left,11,gun_1rb_3x1_bunch_te_on,nickel_425,even_over,5,cover3_sky_field,1,sim_pressure,1,1.0,0.50,0.09,screen_allowed
Rhinos,rhinos_synth_455,3,medium,open_field,middle,11,gun_1rb_2x2_spread_te_off,nickel_335,odd_mint,6,cover3_buzz_field,1,stem,1,1.0,0.49,0.01,man_pressure
Rhinos,rhinos_synth_456,3,medium,open_field,right,11,gun_1rb_2x2_spread_te_on,nickel_335,bear,6,cover7_stubbie_trips,1,sim_pressure,1,1.0,0.46,-0.03,match_coverage
Rhinos,rhinos_synth_457,3,medium,midfield,left,10,gun_1rb_2x2_spread_no_te,nickel_425,even_over,5,cover1_man_free,1,sim_pressure,1,1.0,0.40,-0.08,man_pressure
Rhinos,rhinos_synth_458,3,medium,midfield,middle,10,gun_1rb_3x1_spread_no_te,nickel_335,odd_mint,6,cover1_robber_strong,1,sim_pressure,1,1.0,0.38,-0.07,man_pressure
Rhinos,rhinos_synth_459,3,medium,midfield,right,10,gun_1rb_3x1_spread_y_middle,nickel_335,bear,6,cover4_poach_trips,1,stem,1,1.0,0.44,-0.03,match_coverage
Rhinos,rhinos_synth_460,3,medium,midfield,left,10,gun_1rb_2x2_spread_no_te,nickel_425,even_over,5,cover7_box_2x2,1,sim_pressure,1,1.0,0.48,0.00,match_coverage
Rhinos,rhinos_synth_461,3,medium,midfield,middle,10,gun_1rb_3x1_spread_no_te,nickel_335,odd_mint,5,cover1_man_free,1,sim_pressure,1,1.0,0.40,-0.02,man_pressure
Rhinos,rhinos_synth_462,3,medium,midfield,right,10,gun_1rb_3x1_spread_y_middle,nickel_335,bear,6,cover1_robber_strong,2,blitz,1,1.0,0.36,-0.10,man_pressure
Rhinos,rhinos_synth_463,3,medium,midfield,left,10,gun_1rb_2x2_spread_no_te,nickel_425,even_over,5,cover4_poach_trips,1,stem,1,1.0,0.46,-0.03,checkdown_allowed
Rhinos,rhinos_synth_464,3,medium,midfield,middle,10,gun_1rb_3x1_spread_no_te,nickel_335,odd_mint,6,cover7_stubbie_trips,1,sim_pressure,1,1.0,0.45,-0.03,match_coverage
Rhinos,rhinos_synth_465,3,medium,midfield,right,10,gun_1rb_3x1_spread_y_middle,nickel_335,bear,6,cover0_pressure,3,blitz,1,1.0,0.32,-0.12,man_pressure
Rhinos,rhinos_synth_466,3,medium,midfield,left,10,gun_1rb_2x2_spread_no_te,nickel_425,even_over,5,cover1_man_free,1,sim_pressure,1,1.0,0.41,-0.02,screen_allowed
Rhinos,rhinos_synth_467,3,medium,midfield,middle,10,gun_1rb_3x1_spread_no_te,nickel_335,odd_mint,6,cover1_robber_strong,1,stem,1,1.0,0.41,-0.07,man_pressure
Rhinos,rhinos_synth_468,3,medium,midfield,right,10,gun_1rb_3x1_spread_y_middle,nickel_335,bear,6,cover4_poach_trips,1,sim_pressure,1,1.0,0.44,-0.06,match_coverage
Rhinos,rhinos_synth_469,3,medium,midfield,left,11,gun_1rb_2x2_spread_te_off,nickel_425,even_over,5,cover1_man_free,1,sim_pressure,1,1.0,0.40,-0.08,man_pressure
Rhinos,rhinos_synth_470,3,medium,midfield,middle,11,gun_1rb_2x2_spread_te_on,nickel_335,odd_mint,6,cover1_robber_strong,1,sim_pressure,1,1.0,0.38,-0.07,man_pressure
Rhinos,rhinos_synth_471,3,medium,midfield,right,11,gun_1rb_3x1_spread_te_off,nickel_335,bear,6,cover7_stubbie_trips,1,stem,1,1.0,0.45,-0.02,match_coverage
Rhinos,rhinos_synth_472,3,medium,midfield,left,11,gun_1rb_3x1_spread_te_on,nickel_425,even_over,5,cover4_poach_trips,1,sim_pressure,1,1.0,0.46,-0.01,match_coverage
Rhinos,rhinos_synth_473,3,medium,midfield,middle,11,gun_1rb_3x1_bunch_te_on,nickel_335,odd_mint,5,cover1_man_free,1,sim_pressure,1,1.0,0.40,-0.02,man_pressure
Rhinos,rhinos_synth_474,3,medium,midfield,right,11,gun_1rb_2x2_spread_te_off,nickel_335,bear,6,cover1_robber_strong,2,blitz,1,1.0,0.36,-0.10,man_pressure
Rhinos,rhinos_synth_475,3,medium,midfield,left,11,gun_1rb_2x2_spread_te_on,nickel_425,even_over,5,cover7_stubbie_trips,1,stem,1,1.0,0.47,-0.03,checkdown_allowed
Rhinos,rhinos_synth_476,3,medium,midfield,middle,11,gun_1rb_3x1_spread_te_off,nickel_335,odd_mint,6,cover4_poach_trips,1,sim_pressure,1,1.0,0.44,-0.04,match_coverage
Rhinos,rhinos_synth_477,3,medium,midfield,right,11,gun_1rb_3x1_spread_te_on,nickel_335,bear,6,cover0_pressure,3,blitz,1,1.0,0.32,-0.12,man_pressure
Rhinos,rhinos_synth_478,3,medium,midfield,left,11,gun_1rb_3x1_bunch_te_on,nickel_425,even_over,5,cover1_man_free,1,sim_pressure,1,1.0,0.41,-0.02,screen_allowed
Rhinos,rhinos_synth_479,3,medium,midfield,middle,11,gun_1rb_2x2_spread_te_off,nickel_335,odd_mint,6,cover1_robber_strong,1,stem,1,1.0,0.41,-0.07,man_pressure
Rhinos,rhinos_synth_480,3,medium,midfield,right,11,gun_1rb_2x2_spread_te_on,nickel_335,bear,6,cover7_stubbie_trips,1,sim_pressure,1,1.0,0.45,-0.04,match_coverage
Rhinos,rhinos_synth_481,3,medium,red_zone,left,10,gun_1rb_2x2_spread_no_te,nickel_425,even_over,6,cover1_man_free,2,sim_pressure,1,1.0,0.34,-0.13,redzone_pressure
Rhinos,rhinos_synth_482,3,medium,red_zone,middle,10,gun_1rb_3x1_spread_no_te,nickel_335,odd_mint,7,cover1_robber_strong,2,sim_pressure,1,1.0,0.31,-0.14,redzone_pressure
Rhinos,rhinos_synth_483,3,medium,red_zone,right,10,gun_1rb_3x1_spread_y_middle,nickel_335,bear,7,cover1_man_free,2,stem,1,1.0,0.35,-0.12,match_coverage
Rhinos,rhinos_synth_484,3,medium,red_zone,left,10,gun_1rb_2x2_spread_no_te,nickel_425,even_over,6,cover1_robber_strong,2,sim_pressure,1,1.0,0.37,-0.07,match_coverage
Rhinos,rhinos_synth_485,3,medium,red_zone,middle,10,gun_1rb_3x1_spread_no_te,nickel_335,odd_mint,6,cover1_man_free,2,sim_pressure,1,1.0,0.34,-0.07,redzone_pressure
Rhinos,rhinos_synth_486,3,medium,red_zone,right,10,gun_1rb_3x1_spread_y_middle,nickel_335,bear,7,cover1_robber_strong,3,blitz,1,1.0,0.31,-0.15,redzone_pressure
Rhinos,rhinos_synth_487,3,medium,red_zone,left,10,gun_1rb_2x2_spread_no_te,nickel_425,even_over,6,cover1_man_free,2,stem,1,1.0,0.38,-0.11,checkdown_allowed
Rhinos,rhinos_synth_488,3,medium,red_zone,middle,10,gun_1rb_3x1_spread_no_te,nickel_335,odd_mint,7,cover1_robber_strong,2,sim_pressure,1,1.0,0.34,-0.12,match_coverage
Rhinos,rhinos_synth_489,3,medium,red_zone,right,10,gun_1rb_3x1_spread_y_middle,nickel_335,bear,7,cover0_pressure,3,blitz,1,1.0,0.28,-0.17,redzone_pressure
Rhinos,rhinos_synth_490,3,medium,red_zone,left,10,gun_1rb_2x2_spread_no_te,nickel_425,even_over,6,cover1_man_free,2,sim_pressure,1,1.0,0.35,-0.07,screen_allowed
Rhinos,rhinos_synth_491,3,medium,red_zone,middle,10,gun_1rb_3x1_spread_no_te,nickel_335,odd_mint,7,cover1_robber_strong,2,stem,1,1.0,0.34,-0.14,redzone_pressure
Rhinos,rhinos_synth_492,3,medium,red_zone,right,10,gun_1rb_3x1_spread_y_middle,nickel_335,bear,7,cover1_man_free,2,sim_pressure,1,1.0,0.35,-0.15,match_coverage
Rhinos,rhinos_synth_493,3,medium,red_zone,left,11,gun_1rb_2x2_spread_te_off,nickel_425,even_over,6,cover1_man_free,2,sim_pressure,1,1.0,0.34,-0.13,redzone_pressure
Rhinos,rhinos_synth_494,3,medium,red_zone,middle,11,gun_1rb_2x2_spread_te_on,nickel_335,odd_mint,7,cover1_robber_strong,2,sim_pressure,1,1.0,0.31,-0.14,redzone_pressure
Rhinos,rhinos_synth_495,3,medium,red_zone,right,11,gun_1rb_3x1_spread_te_off,nickel_335,bear,7,cover1_robber_strong,2,stem,1,1.0,0.34,-0.11,match_coverage
Rhinos,rhinos_synth_496,3,medium,red_zone,left,11,gun_1rb_3x1_spread_te_on,nickel_425,even_over,6,cover1_man_free,2,sim_pressure,1,1.0,0.38,-0.09,match_coverage
Rhinos,rhinos_synth_497,3,medium,red_zone,middle,11,gun_1rb_3x1_bunch_te_on,nickel_335,odd_mint,6,cover1_man_free,2,sim_pressure,1,1.0,0.34,-0.07,redzone_pressure
Rhinos,rhinos_synth_498,3,medium,red_zone,right,11,gun_1rb_2x2_spread_te_off,nickel_335,bear,7,cover1_robber_strong,3,blitz,1,1.0,0.31,-0.15,redzone_pressure
Rhinos,rhinos_synth_499,3,medium,red_zone,left,11,gun_1rb_2x2_spread_te_on,nickel_425,even_over,6,cover1_robber_strong,2,stem,1,1.0,0.37,-0.10,checkdown_allowed
Rhinos,rhinos_synth_500,3,medium,red_zone,middle,11,gun_1rb_3x1_spread_te_off,nickel_335,odd_mint,7,cover1_man_free,2,sim_pressure,1,1.0,0.35,-0.13,match_coverage
Rhinos,rhinos_synth_501,3,medium,red_zone,right,11,gun_1rb_3x1_spread_te_on,nickel_335,bear,7,cover0_pressure,3,blitz,1,1.0,0.28,-0.17,redzone_pressure
Rhinos,rhinos_synth_502,3,medium,red_zone,left,11,gun_1rb_3x1_bunch_te_on,nickel_425,even_over,6,cover1_man_free,2,sim_pressure,1,1.0,0.35,-0.07,screen_allowed
Rhinos,rhinos_synth_503,3,medium,red_zone,middle,11,gun_1rb_2x2_spread_te_off,nickel_335,odd_mint,7,cover1_robber_strong,2,stem,1,1.0,0.34,-0.14,redzone_pressure
Rhinos,rhinos_synth_504,3,medium,red_zone,right,11,gun_1rb_2x2_spread_te_on,nickel_335,bear,7,cover1_robber_strong,2,sim_pressure,1,1.0,0.34,-0.14,match_coverage
Rhinos,rhinos_synth_505,3,long,open_field,left,10,gun_1rb_2x2_spread_no_te,dime_326,even_4,5,cover4_quarters,0,sim_pressure,1,1.0,0.44,-0.06,conservative_coverage
Rhinos,rhinos_synth_506,3,long,open_field,middle,10,gun_1rb_3x1_spread_no_te,dime_326,odd_mint,5,cover2_trap_field,0,sim_pressure,1,1.0,0.47,-0.00,trap_alert
Rhinos,rhinos_synth_507,3,long,open_field,right,10,gun_1rb_3x1_spread_y_middle,dime_326,even_4,6,cover2_trap_boundary,1,sim_pressure,1,1.0,0.47,0.01,trap_alert
Rhinos,rhinos_synth_508,3,long,open_field,left,10,gun_1rb_2x2_spread_no_te,dime_326,odd_mint,5,cover4_poach_trips,0,sim_pressure,1,1.0,0.47,-0.02,match_coverage
Rhinos,rhinos_synth_509,3,long,open_field,middle,10,gun_1rb_3x1_spread_no_te,dime_326,even_4,5,cover7_stubbie_trips,0,sim_pressure,1,1.0,0.44,0.00,checkdown_allowed
Rhinos,rhinos_synth_510,3,long,open_field,right,10,gun_1rb_3x1_spread_y_middle,nickel_335,odd_mint,5,cover4_quarters,0,none,1,1.0,0.46,-0.04,conservative_coverage
Rhinos,rhinos_synth_511,3,long,open_field,left,10,gun_1rb_2x2_spread_no_te,dime_326,even_4,6,cover2_trap_field,1,sim_pressure,1,1.0,0.46,-0.01,trap_alert
Rhinos,rhinos_synth_512,3,long,open_field,middle,10,gun_1rb_3x1_spread_no_te,dime_326,odd_mint,5,cover2_trap_boundary,0,sim_pressure,1,1.0,0.51,0.03,checkdown_allowed
Rhinos,rhinos_synth_513,3,long,open_field,right,10,gun_1rb_3x1_spread_y_middle,dime_326,even_4,5,cover4_poach_trips,0,stem,1,1.0,0.44,-0.01,match_coverage
Rhinos,rhinos_synth_514,3,long,open_field,left,10,gun_1rb_2x2_spread_no_te,dime_326,odd_mint,5,cover7_box_2x2,0,sim_pressure,1,1.0,0.46,0.01,shot_allowed
Rhinos,rhinos_synth_515,3,long,open_field,middle,10,gun_1rb_3x1_spread_no_te,nickel_335,even_4,6,cover4_quarters,0,none,1,1.0,0.46,-0.06,conservative_coverage
Rhinos,rhinos_synth_516,3,long,open_field,right,10,gun_1rb_3x1_spread_y_middle,dime_326,odd_mint,5,cover2_trap_field,1,sim_pressure,1,1.0,0.49,-0.00,trap_alert
Rhinos,rhinos_synth_517,3,long,open_field,left,11,gun_1rb_2x2_spread_te_off,dime_326,even_4,5,cover4_quarters,0,sim_pressure,1,1.0,0.44,-0.06,conservative_coverage
Rhinos,rhinos_synth_518,3,long,open_field,middle,11,gun_1rb_2x2_spread_te_on,dime_326,odd_mint,5,cover2_trap_field,0,sim_pressure,1,1.0,0.47,-0.00,trap_alert
Rhinos,rhinos_synth_519,3,long,open_field,right,11,gun_1rb_3x1_spread_te_off,dime_326,even_4,6,cover2_trap_boundary,1,sim_pressure,1,1.0,0.47,0.01,trap_alert
Rhinos,rhinos_synth_520,3,long,open_field,left,11,gun_1rb_3x1_spread_te_on,dime_326,odd_mint,5,cover4_poach_trips,0,sim_pressure,1,1.0,0.47,-0.02,match_coverage
Rhinos,rhinos_synth_521,3,long,open_field,middle,11,gun_1rb_3x1_bunch_te_on,dime_326,even_4,5,cover7_stubbie_trips,0,sim_pressure,1,1.0,0.44,0.00,checkdown_allowed
Rhinos,rhinos_synth_522,3,long,open_field,right,11,gun_1rb_2x2_spread_te_off,nickel_335,odd_mint,5,cover4_quarters,0,none,1,1.0,0.46,-0.04,conservative_coverage
Rhinos,rhinos_synth_523,3,long,open_field,left,11,gun_1rb_2x2_spread_te_on,dime_326,even_4,6,cover2_trap_field,1,sim_pressure,1,1.0,0.46,-0.01,trap_alert
Rhinos,rhinos_synth_524,3,long,open_field,middle,11,gun_1rb_3x1_spread_te_off,dime_326,odd_mint,5,cover2_trap_boundary,0,sim_pressure,1,1.0,0.51,0.03,checkdown_allowed
Rhinos,rhinos_synth_525,3,long,open_field,right,11,gun_1rb_3x1_spread_te_on,dime_326,even_4,5,cover4_poach_trips,0,stem,1,1.0,0.44,-0.01,match_coverage
Rhinos,rhinos_synth_526,3,long,open_field,left,11,gun_1rb_3x1_bunch_te_on,dime_326,odd_mint,5,cover7_stubbie_trips,0,sim_pressure,1,1.0,0.45,0.00,shot_allowed
Rhinos,rhinos_synth_527,3,long,open_field,middle,11,gun_1rb_2x2_spread_te_off,nickel_335,even_4,6,cover4_quarters,0,none,1,1.0,0.46,-0.06,conservative_coverage
Rhinos,rhinos_synth_528,3,long,open_field,right,11,gun_1rb_2x2_spread_te_on,dime_326,odd_mint,5,cover2_trap_field,1,sim_pressure,1,1.0,0.49,-0.00,trap_alert
Rhinos,rhinos_synth_529,3,long,midfield,left,10,gun_1rb_2x2_spread_no_te,dime_326,even_4,5,cover4_quarters,0,sim_pressure,1,1.0,0.43,-0.07,conservative_coverage
Rhinos,rhinos_synth_530,3,long,midfield,middle,10,gun_1rb_3x1_spread_no_te,dime_326,odd_mint,5,cover2_trap_field,0,sim_pressure,1,1.0,0.46,-0.01,trap_alert
Rhinos,rhinos_synth_531,3,long,midfield,right,10,gun_1rb_3x1_spread_y_middle,dime_326,even_4,6,cover2_trap_boundary,1,sim_pressure,1,1.0,0.46,0.00,trap_alert
Rhinos,rhinos_synth_532,3,long,midfield,left,10,gun_1rb_2x2_spread_no_te,dime_326,odd_mint,5,cover4_poach_trips,0,sim_pressure,1,1.0,0.46,-0.03,match_coverage
Rhinos,rhinos_synth_533,3,long,midfield,middle,10,gun_1rb_3x1_spread_no_te,dime_326,even_4,5,cover7_stubbie_trips,0,sim_pressure,1,1.0,0.43,-0.01,checkdown_allowed
Rhinos,rhinos_synth_534,3,long,midfield,right,10,gun_1rb_3x1_spread_y_middle,nickel_335,odd_mint,5,cover4_quarters,0,none,1,1.0,0.45,-0.06,conservative_coverage
Rhinos,rhinos_synth_535,3,long,midfield,left,10,gun_1rb_2x2_spread_no_te,dime_326,even_4,6,cover2_trap_field,1,sim_pressure,1,1.0,0.45,-0.02,trap_alert
Rhinos,rhinos_synth_536,3,long,midfield,middle,10,gun_1rb_3x1_spread_no_te,dime_326,odd_mint,5,cover2_trap_boundary,0,sim_pressure,1,1.0,0.50,0.01,checkdown_allowed
Rhinos,rhinos_synth_537,3,long,midfield,right,10,gun_1rb_3x1_spread_y_middle,dime_326,even_4,5,cover4_poach_trips,0,stem,1,1.0,0.43,-0.02,match_coverage
Rhinos,rhinos_synth_538,3,long,midfield,left,10,gun_1rb_2x2_spread_no_te,dime_326,odd_mint,5,cover7_box_2x2,0,sim_pressure,1,1.0,0.45,0.00,shot_allowed
Rhinos,rhinos_synth_539,3,long,midfield,middle,10,gun_1rb_3x1_spread_no_te,nickel_335,even_4,6,cover4_quarters,0,none,1,1.0,0.45,-0.07,conservative_coverage
Rhinos,rhinos_synth_540,3,long,midfield,right,10,gun_1rb_3x1_spread_y_middle,dime_326,odd_mint,5,cover2_trap_field,1,sim_pressure,1,1.0,0.48,-0.01,trap_alert
Rhinos,rhinos_synth_541,3,long,midfield,left,11,gun_1rb_2x2_spread_te_off,dime_326,even_4,5,cover4_quarters,0,sim_pressure,1,1.0,0.43,-0.07,conservative_coverage
Rhinos,rhinos_synth_542,3,long,midfield,middle,11,gun_1rb_2x2_spread_te_on,dime_326,odd_mint,5,cover2_trap_field,0,sim_pressure,1,1.0,0.46,-0.01,trap_alert
Rhinos,rhinos_synth_543,3,long,midfield,right,11,gun_1rb_3x1_spread_te_off,dime_326,even_4,6,cover2_trap_boundary,1,sim_pressure,1,1.0,0.46,0.00,trap_alert
Rhinos,rhinos_synth_544,3,long,midfield,left,11,gun_1rb_3x1_spread_te_on,dime_326,odd_mint,5,cover4_poach_trips,0,sim_pressure,1,1.0,0.46,-0.03,match_coverage
Rhinos,rhinos_synth_545,3,long,midfield,middle,11,gun_1rb_3x1_bunch_te_on,dime_326,even_4,5,cover7_stubbie_trips,0,sim_pressure,1,1.0,0.43,-0.01,checkdown_allowed
Rhinos,rhinos_synth_546,3,long,midfield,right,11,gun_1rb_2x2_spread_te_off,nickel_335,odd_mint,5,cover4_quarters,0,none,1,1.0,0.45,-0.06,conservative_coverage
Rhinos,rhinos_synth_547,3,long,midfield,left,11,gun_1rb_2x2_spread_te_on,dime_326,even_4,6,cover2_trap_field,1,sim_pressure,1,1.0,0.45,-0.02,trap_alert
Rhinos,rhinos_synth_548,3,long,midfield,middle,11,gun_1rb_3x1_spread_te_off,dime_326,odd_mint,5,cover2_trap_boundary,0,sim_pressure,1,1.0,0.50,0.01,checkdown_allowed
Rhinos,rhinos_synth_549,3,long,midfield,right,11,gun_1rb_3x1_spread_te_on,dime_326,even_4,5,cover4_poach_trips,0,stem,1,1.0,0.43,-0.02,match_coverage
Rhinos,rhinos_synth_550,3,long,midfield,left,11,gun_1rb_3x1_bunch_te_on,dime_326,odd_mint,5,cover7_stubbie_trips,0,sim_pressure,1,1.0,0.44,-0.01,shot_allowed
Rhinos,rhinos_synth_551,3,long,midfield,middle,11,gun_1rb_2x2_spread_te_off,nickel_335,even_4,6,cover4_quarters,0,none,1,1.0,0.45,-0.07,conservative_coverage
Rhinos,rhinos_synth_552,3,long,midfield,right,11,gun_1rb_2x2_spread_te_on,dime_326,odd_mint,5,cover2_trap_field,1,sim_pressure,1,1.0,0.48,-0.01,trap_alert
Rhinos,rhinos_synth_553,3,long,red_zone,left,10,gun_1rb_2x2_spread_no_te,dime_326,even_4,5,cover1_robber_strong,0,sim_pressure,1,1.0,0.37,-0.10,conservative_coverage
Rhinos,rhinos_synth_554,3,long,red_zone,middle,10,gun_1rb_3x1_spread_no_te,dime_326,odd_mint,5,cover1_man_free,0,sim_pressure,1,1.0,0.39,-0.10,trap_alert
Rhinos,rhinos_synth_555,3,long,red_zone,right,10,gun_1rb_3x1_spread_y_middle,dime_326,even_4,6,cover2_trap_boundary,1,sim_pressure,1,1.0,0.44,-0.02,trap_alert
Rhinos,rhinos_synth_556,3,long,red_zone,left,10,gun_1rb_2x2_spread_no_te,dime_326,odd_mint,5,cover4_poach_trips,0,sim_pressure,1,1.0,0.44,-0.05,match_coverage
Rhinos,rhinos_synth_557,3,long,red_zone,middle,10,gun_1rb_3x1_spread_no_te,dime_326,even_4,5,cover1_robber_strong,0,sim_pressure,1,1.0,0.37,-0.04,checkdown_allowed
Rhinos,rhinos_synth_558,3,long,red_zone,right,10,gun_1rb_3x1_spread_y_middle,nickel_335,odd_mint,5,cover1_robber_strong,0,none,1,1.0,0.39,-0.10,conservative_coverage
Rhinos,rhinos_synth_559,3,long,red_zone,left,10,gun_1rb_2x2_spread_no_te,dime_326,even_4,6,cover1_man_free,1,sim_pressure,1,1.0,0.38,-0.11,trap_alert
Rhinos,rhinos_synth_560,3,long,red_zone,middle,10,gun_1rb_3x1_spread_no_te,dime_326,odd_mint,5,cover2_trap_boundary,0,sim_pressure,1,1.0,0.48,-0.01,checkdown_allowed
Rhinos,rhinos_synth_561,3,long,red_zone,right,10,gun_1rb_3x1_spread_y_middle,dime_326,even_4,5,cover4_poach_trips,0,stem,1,1.0,0.41,-0.04,match_coverage
Rhinos,rhinos_synth_562,3,long,red_zone,left,10,gun_1rb_2x2_spread_no_te,dime_326,odd_mint,5,cover1_robber_strong,0,sim_pressure,1,1.0,0.38,-0.04,shot_allowed
Rhinos,rhinos_synth_563,3,long,red_zone,middle,10,gun_1rb_3x1_spread_no_te,nickel_335,even_4,6,cover1_robber_strong,0,none,1,1.0,0.39,-0.10,conservative_coverage
Rhinos,rhinos_synth_564,3,long,red_zone,right,10,gun_1rb_3x1_spread_y_middle,dime_326,odd_mint,5,cover1_man_free,1,sim_pressure,1,1.0,0.41,-0.10,trap_alert
Rhinos,rhinos_synth_565,3,long,red_zone,left,11,gun_1rb_2x2_spread_te_off,dime_326,even_4,5,cover1_robber_strong,0,sim_pressure,1,1.0,0.37,-0.10,conservative_coverage
Rhinos,rhinos_synth_566,3,long,red_zone,middle,11,gun_1rb_2x2_spread_te_on,dime_326,odd_mint,5,cover1_man_free,0,sim_pressure,1,1.0,0.39,-0.10,trap_alert
Rhinos,rhinos_synth_567,3,long,red_zone,right,11,gun_1rb_3x1_spread_te_off,dime_326,even_4,6,cover2_trap_boundary,1,sim_pressure,1,1.0,0.44,-0.02,trap_alert
Rhinos,rhinos_synth_568,3,long,red_zone,left,11,gun_1rb_3x1_spread_te_on,dime_326,odd_mint,5,cover4_poach_trips,0,sim_pressure,1,1.0,0.44,-0.05,match_coverage
Rhinos,rhinos_synth_569,3,long,red_zone,middle,11,gun_1rb_3x1_bunch_te_on,dime_326,even_4,5,cover1_robber_strong,0,sim_pressure,1,1.0,0.37,-0.04,checkdown_allowed
Rhinos,rhinos_synth_570,3,long,red_zone,right,11,gun_1rb_2x2_spread_te_off,nickel_335,odd_mint,5,cover1_robber_strong,0,none,1,1.0,0.39,-0.10,conservative_coverage
Rhinos,rhinos_synth_571,3,long,red_zone,left,11,gun_1rb_2x2_spread_te_on,dime_326,even_4,6,cover1_man_free,1,sim_pressure,1,1.0,0.38,-0.11,trap_alert
Rhinos,rhinos_synth_572,3,long,red_zone,middle,11,gun_1rb_3x1_spread_te_off,dime_326,odd_mint,5,cover2_trap_boundary,0,sim_pressure,1,1.0,0.48,-0.01,checkdown_allowed
Rhinos,rhinos_synth_573,3,long,red_zone,right,11,gun_1rb_3x1_spread_te_on,dime_326,even_4,5,cover4_poach_trips,0,stem,1,1.0,0.41,-0.04,match_coverage
Rhinos,rhinos_synth_574,3,long,red_zone,left,11,gun_1rb_3x1_bunch_te_on,dime_326,odd_mint,5,cover1_robber_strong,0,sim_pressure,1,1.0,0.38,-0.04,shot_allowed
Rhinos,rhinos_synth_575,3,long,red_zone,middle,11,gun_1rb_2x2_spread_te_off,nickel_335,even_4,6,cover1_robber_strong,0,none,1,1.0,0.39,-0.10,conservative_coverage
Rhinos,rhinos_synth_576,3,long,red_zone,right,11,gun_1rb_2x2_spread_te_on,dime_326,odd_mint,5,cover1_man_free,1,sim_pressure,1,1.0,0.41,-0.10,trap_alert
Rhinos,rhinos_synth_577,4,short,open_field,left,10,gun_1rb_2x2_spread_no_te,base_43,bear,8,cover3_buzz_field,3,blitz,1,1.0,0.42,-0.04,heavy_box
Rhinos,rhinos_synth_578,4,short,open_field,middle,10,gun_1rb_3x1_spread_no_te,base_34,odd_tite,8,cover3_sky_field,2,blitz,1,1.0,0.45,-0.01,man_pressure
Rhinos,rhinos_synth_579,4,short,open_field,right,10,gun_1rb_3x1_spread_y_middle,nickel_335,odd_5,8,cover1_robber_strong,2,sim_pressure,1,1.0,0.38,-0.08,man_pressure
Rhinos,rhinos_synth_580,4,short,open_field,left,10,gun_1rb_2x2_spread_no_te,base_43,bear,8,cover3_buzz_boundary,2,blitz,1,1.0,0.44,-0.01,run_fit
Rhinos,rhinos_synth_581,4,short,open_field,middle,10,gun_1rb_3x1_spread_no_te,base_34,odd_tite,8,cover3_buzz_field,3,blitz,1,1.0,0.42,0.01,heavy_box
Rhinos,rhinos_synth_582,4,short,open_field,right,10,gun_1rb_3x1_spread_y_middle,nickel_335,odd_5,8,cover3_sky_field,2,blitz,1,1.0,0.45,-0.02,man_pressure
Rhinos,rhinos_synth_583,4,short,open_field,left,10,gun_1rb_2x2_spread_no_te,base_43,bear,8,cover1_robber_strong,2,sim_pressure,1,1.0,0.38,-0.10,heavy_box
Rhinos,rhinos_synth_584,4,short,open_field,middle,10,gun_1rb_3x1_spread_no_te,base_34,odd_tite,8,cover3_buzz_boundary,2,blitz,1,1.0,0.44,-0.02,run_fit
Rhinos,rhinos_synth_585,4,short,open_field,right,10,gun_1rb_3x1_spread_y_middle,nickel_335,odd_5,8,cover3_buzz_field,3,blitz,1,1.0,0.42,-0.00,man_pressure
Rhinos,rhinos_synth_586,4,short,open_field,left,10,gun_1rb_2x2_spread_no_te,base_43,bear,8,cover3_sky_field,2,blitz,1,1.0,0.45,0.04,heavy_box
Rhinos,rhinos_synth_587,4,short,open_field,middle,10,gun_1rb_3x1_spread_no_te,base_34,odd_tite,8,cover1_robber_strong,2,sim_pressure,1,1.0,0.38,-0.11,man_pressure
Rhinos,rhinos_synth_588,4,short,open_field,right,10,gun_1rb_3x1_spread_y_middle,nickel_335,odd_5,8,cover3_buzz_boundary,2,blitz,1,1.0,0.44,-0.04,run_fit
Rhinos,rhinos_synth_589,4,short,open_field,left,11,gun_1rb_2x2_spread_te_off,base_43,bear,8,cover3_buzz_field,3,blitz,1,1.0,0.42,-0.04,heavy_box
Rhinos,rhinos_synth_590,4,short,open_field,middle,11,gun_1rb_2x2_spread_te_on,base_34,odd_tite,8,cover3_sky_field,2,blitz,1,1.0,0.45,-0.01,man_pressure
Rhinos,rhinos_synth_591,4,short,open_field,right,11,gun_1rb_3x1_spread_te_off,nickel_335,odd_5,8,cover1_robber_strong,2,sim_pressure,1,1.0,0.38,-0.08,man_pressure
Rhinos,rhinos_synth_592,4,short,open_field,left,11,gun_1rb_3x1_spread_te_on,base_43,bear,8,cover3_buzz_boundary,2,blitz,1,1.0,0.44,-0.01,run_fit
Rhinos,rhinos_synth_593,4,short,open_field,middle,11,gun_1rb_3x1_bunch_te_on,base_34,odd_tite,8,cover3_buzz_field,3,blitz,1,1.0,0.42,0.01,heavy_box
Rhinos,rhinos_synth_594,4,short,open_field,right,11,gun_1rb_2x2_spread_te_off,nickel_335,odd_5,8,cover3_sky_field,2,blitz,1,1.0,0.45,-0.02,man_pressure
Rhinos,rhinos_synth_595,4,short,open_field,left,11,gun_1rb_2x2_spread_te_on,base_43,bear,8,cover1_robber_strong,2,sim_pressure,1,1.0,0.38,-0.10,heavy_box
Rhinos,rhinos_synth_596,4,short,open_field,middle,11,gun_1rb_3x1_spread_te_off,base_34,odd_tite,8,cover3_buzz_boundary,2,blitz,1,1.0,0.44,-0.02,run_fit
Rhinos,rhinos_synth_597,4,short,open_field,right,11,gun_1rb_3x1_spread_te_on,nickel_335,odd_5,8,cover3_buzz_field,3,blitz,1,1.0,0.42,-0.00,man_pressure
Rhinos,rhinos_synth_598,4,short,open_field,left,11,gun_1rb_3x1_bunch_te_on,base_43,bear,8,cover3_sky_field,2,blitz,1,1.0,0.45,0.04,heavy_box
Rhinos,rhinos_synth_599,4,short,open_field,middle,11,gun_1rb_2x2_spread_te_off,base_34,odd_tite,8,cover1_robber_strong,2,sim_pressure,1,1.0,0.38,-0.11,man_pressure
Rhinos,rhinos_synth_600,4,short,open_field,right,11,gun_1rb_2x2_spread_te_on,nickel_335,odd_5,8,cover3_buzz_boundary,2,blitz,1,1.0,0.44,-0.04,run_fit
Rhinos,rhinos_synth_601,4,short,midfield,left,10,gun_1rb_2x2_spread_no_te,base_43,bear,8,cover0_pressure,3,blitz,1,1.0,0.31,-0.18,heavy_box
Rhinos,rhinos_synth_602,4,short,midfield,middle,10,gun_1rb_3x1_spread_no_te,base_34,odd_tite,8,cover1_man_free,2,blitz,1,1.0,0.36,-0.12,man_pressure
Rhinos,rhinos_synth_603,4,short,midfield,right,10,gun_1rb_3x1_spread_y_middle,nickel_335,odd_5,8,cover1_robber_strong,2,sim_pressure,1,1.0,0.37,-0.09,man_pressure
Rhinos,rhinos_synth_604,4,short,midfield,left,10,gun_1rb_2x2_spread_no_te,base_43,bear,8,cover3_buzz_boundary,2,blitz,1,1.0,0.43,-0.02,run_fit
Rhinos,rhinos_synth_605,4,short,midfield,middle,10,gun_1rb_3x1_spread_no_te,base_34,odd_tite,8,cover0_pressure,3,blitz,1,1.0,0.31,-0.12,heavy_box
Rhinos,rhinos_synth_606,4,short,midfield,right,10,gun_1rb_3x1_spread_y_middle,nickel_335,odd_5,8,cover1_man_free,2,blitz,1,1.0,0.36,-0.14,man_pressure
Rhinos,rhinos_synth_607,4,short,midfield,left,10,gun_1rb_2x2_spread_no_te,base_43,bear,8,cover1_robber_strong,2,sim_pressure,1,1.0,0.37,-0.11,heavy_box
Rhinos,rhinos_synth_608,4,short,midfield,middle,10,gun_1rb_3x1_spread_no_te,base_34,odd_tite,8,cover3_buzz_boundary,2,blitz,1,1.0,0.43,-0.03,run_fit
Rhinos,rhinos_synth_609,4,short,midfield,right,10,gun_1rb_3x1_spread_y_middle,nickel_335,odd_5,8,cover0_pressure,3,blitz,1,1.0,0.31,-0.14,man_pressure
Rhinos,rhinos_synth_610,4,short,midfield,left,10,gun_1rb_2x2_spread_no_te,base_43,bear,8,cover1_man_free,2,blitz,1,1.0,0.36,-0.08,heavy_box
Rhinos,rhinos_synth_611,4,short,midfield,middle,10,gun_1rb_3x1_spread_no_te,base_34,odd_tite,8,cover1_robber_strong,2,sim_pressure,1,1.0,0.37,-0.12,man_pressure
Rhinos,rhinos_synth_612,4,short,midfield,right,10,gun_1rb_3x1_spread_y_middle,nickel_335,odd_5,8,cover3_buzz_boundary,2,blitz,1,1.0,0.43,-0.05,run_fit
Rhinos,rhinos_synth_613,4,short,midfield,left,11,gun_1rb_2x2_spread_te_off,base_43,bear,8,cover0_pressure,3,blitz,1,1.0,0.31,-0.18,heavy_box
Rhinos,rhinos_synth_614,4,short,midfield,middle,11,gun_1rb_2x2_spread_te_on,base_34,odd_tite,8,cover1_man_free,2,blitz,1,1.0,0.36,-0.12,man_pressure
Rhinos,rhinos_synth_615,4,short,midfield,right,11,gun_1rb_3x1_spread_te_off,nickel_335,odd_5,8,cover1_robber_strong,2,sim_pressure,1,1.0,0.37,-0.09,man_pressure
Rhinos,rhinos_synth_616,4,short,midfield,left,11,gun_1rb_3x1_spread_te_on,base_43,bear,8,cover3_buzz_boundary,2,blitz,1,1.0,0.43,-0.02,run_fit
Rhinos,rhinos_synth_617,4,short,midfield,middle,11,gun_1rb_3x1_bunch_te_on,base_34,odd_tite,8,cover0_pressure,3,blitz,1,1.0,0.31,-0.12,heavy_box
Rhinos,rhinos_synth_618,4,short,midfield,right,11,gun_1rb_2x2_spread_te_off,nickel_335,odd_5,8,cover1_man_free,2,blitz,1,1.0,0.36,-0.14,man_pressure
Rhinos,rhinos_synth_619,4,short,midfield,left,11,gun_1rb_2x2_spread_te_on,base_43,bear,8,cover1_robber_strong,2,sim_pressure,1,1.0,0.37,-0.11,heavy_box
Rhinos,rhinos_synth_620,4,short,midfield,middle,11,gun_1rb_3x1_spread_te_off,base_34,odd_tite,8,cover3_buzz_boundary,2,blitz,1,1.0,0.43,-0.03,run_fit
Rhinos,rhinos_synth_621,4,short,midfield,right,11,gun_1rb_3x1_spread_te_on,nickel_335,odd_5,8,cover0_pressure,3,blitz,1,1.0,0.31,-0.14,man_pressure
Rhinos,rhinos_synth_622,4,short,midfield,left,11,gun_1rb_3x1_bunch_te_on,base_43,bear,8,cover1_man_free,2,blitz,1,1.0,0.36,-0.08,heavy_box
Rhinos,rhinos_synth_623,4,short,midfield,middle,11,gun_1rb_2x2_spread_te_off,base_34,odd_tite,8,cover1_robber_strong,2,sim_pressure,1,1.0,0.37,-0.12,man_pressure
Rhinos,rhinos_synth_624,4,short,midfield,right,11,gun_1rb_2x2_spread_te_on,nickel_335,odd_5,8,cover3_buzz_boundary,2,blitz,1,1.0,0.43,-0.05,run_fit
Rhinos,rhinos_synth_625,4,short,red_zone,left,10,gun_1rb_2x2_spread_no_te,base_43,bear,8,cover0_pressure,3,blitz,1,1.0,0.29,-0.20,redzone_pressure
Rhinos,rhinos_synth_626,4,short,red_zone,middle,10,gun_1rb_3x1_spread_no_te,base_34,odd_tite,8,cover1_man_free,3,blitz,1,1.0,0.34,-0.14,redzone_pressure
Rhinos,rhinos_synth_627,4,short,red_zone,right,10,gun_1rb_3x1_spread_y_middle,nickel_335,odd_5,8,cover1_robber_strong,3,sim_pressure,1,1.0,0.35,-0.11,redzone_pressure
Rhinos,rhinos_synth_628,4,short,red_zone,left,10,gun_1rb_2x2_spread_no_te,base_43,bear,8,cover3_buzz_boundary,3,blitz,1,1.0,0.41,-0.04,redzone_pressure
Rhinos,rhinos_synth_629,4,short,red_zone,middle,10,gun_1rb_3x1_spread_no_te,base_34,odd_tite,8,cover0_pressure,3,blitz,1,1.0,0.29,-0.14,redzone_pressure
Rhinos,rhinos_synth_630,4,short,red_zone,right,10,gun_1rb_3x1_spread_y_middle,nickel_335,odd_5,8,cover1_man_free,3,blitz,1,1.0,0.34,-0.15,redzone_pressure
Rhinos,rhinos_synth_631,4,short,red_zone,left,10,gun_1rb_2x2_spread_no_te,base_43,bear,8,cover1_robber_strong,3,sim_pressure,1,1.0,0.35,-0.12,redzone_pressure
Rhinos,rhinos_synth_632,4,short,red_zone,middle,10,gun_1rb_3x1_spread_no_te,base_34,odd_tite,8,cover3_buzz_boundary,3,blitz,1,1.0,0.41,-0.05,redzone_pressure
Rhinos,rhinos_synth_633,4,short,red_zone,right,10,gun_1rb_3x1_spread_y_middle,nickel_335,odd_5,8,cover0_pressure,3,blitz,1,1.0,0.29,-0.16,redzone_pressure
Rhinos,rhinos_synth_634,4,short,red_zone,left,10,gun_1rb_2x2_spread_no_te,base_43,bear,8,cover1_man_free,3,blitz,1,1.0,0.34,-0.10,redzone_pressure
Rhinos,rhinos_synth_635,4,short,red_zone,middle,10,gun_1rb_3x1_spread_no_te,base_34,odd_tite,8,cover1_robber_strong,3,sim_pressure,1,1.0,0.35,-0.14,redzone_pressure
Rhinos,rhinos_synth_636,4,short,red_zone,right,10,gun_1rb_3x1_spread_y_middle,nickel_335,odd_5,8,cover3_buzz_boundary,3,blitz,1,1.0,0.41,-0.07,redzone_pressure
Rhinos,rhinos_synth_637,4,short,red_zone,left,11,gun_1rb_2x2_spread_te_off,base_43,bear,8,cover0_pressure,3,blitz,1,1.0,0.29,-0.20,redzone_pressure
Rhinos,rhinos_synth_638,4,short,red_zone,middle,11,gun_1rb_2x2_spread_te_on,base_34,odd_tite,8,cover1_man_free,3,blitz,1,1.0,0.34,-0.14,redzone_pressure
Rhinos,rhinos_synth_639,4,short,red_zone,right,11,gun_1rb_3x1_spread_te_off,nickel_335,odd_5,8,cover1_robber_strong,3,sim_pressure,1,1.0,0.35,-0.11,redzone_pressure
Rhinos,rhinos_synth_640,4,short,red_zone,left,11,gun_1rb_3x1_spread_te_on,base_43,bear,8,cover3_buzz_boundary,3,blitz,1,1.0,0.41,-0.04,redzone_pressure
Rhinos,rhinos_synth_641,4,short,red_zone,middle,11,gun_1rb_3x1_bunch_te_on,base_34,odd_tite,8,cover0_pressure,3,blitz,1,1.0,0.29,-0.14,redzone_pressure
Rhinos,rhinos_synth_642,4,short,red_zone,right,11,gun_1rb_2x2_spread_te_off,nickel_335,odd_5,8,cover1_man_free,3,blitz,1,1.0,0.34,-0.15,redzone_pressure
Rhinos,rhinos_synth_643,4,short,red_zone,left,11,gun_1rb_2x2_spread_te_on,base_43,bear,8,cover1_robber_strong,3,sim_pressure,1,1.0,0.35,-0.12,redzone_pressure
Rhinos,rhinos_synth_644,4,short,red_zone,middle,11,gun_1rb_3x1_spread_te_off,base_34,odd_tite,8,cover3_buzz_boundary,3,blitz,1,1.0,0.41,-0.05,redzone_pressure
Rhinos,rhinos_synth_645,4,short,red_zone,right,11,gun_1rb_3x1_spread_te_on,nickel_335,odd_5,8,cover0_pressure,3,blitz,1,1.0,0.29,-0.16,redzone_pressure
Rhinos,rhinos_synth_646,4,short,red_zone,left,11,gun_1rb_3x1_bunch_te_on,base_43,bear,8,cover1_man_free,3,blitz,1,1.0,0.34,-0.10,redzone_pressure
Rhinos,rhinos_synth_647,4,short,red_zone,middle,11,gun_1rb_2x2_spread_te_off,base_34,odd_tite,8,cover1_robber_strong,3,sim_pressure,1,1.0,0.35,-0.14,redzone_pressure
Rhinos,rhinos_synth_648,4,short,red_zone,right,11,gun_1rb_2x2_spread_te_on,nickel_335,odd_5,8,cover3_buzz_boundary,3,blitz,1,1.0,0.41,-0.07,redzone_pressure
